	truth	SVM	SVMrej	RF	LDA	LDArej	NMC	kNN9	ACTINN	SingleCellNet	LAmbDA	scPred	CaSTLe	CHETAH	scID	scmapcell	scmapcluster	singleR	scVI	Cell_BLAST
cy98_CD45neg_CD90neg_S27	TUMOR	TUMOR	UNLABELED	TUMOR	T.CD8	UNLABELED	TUMOR	BCELL	TUMOR	T.CD8	T.CD8	TUMOR	T.CD8	T.CD8	T.CD8	UNLABELED	UNLABELED	TUMOR	TUMOR	UNLABELED
cy79_p3_CD45_neg_PDL1_neg_H01_S277_comb	TUMOR	TUMOR	TUMOR	TUMOR	TUMOR	TUMOR	TUMOR	TUMOR	TUMOR	TUMOR	TUMOR	TUMOR	TUMOR	TUMOR	UNLABELED	UNLABELED	TUMOR	TUMOR	TUMOR	UNLABELED
cy80_CD45_neg_B10_S886_comb	TUMOR	TUMOR	TUMOR	TUMOR	TUMOR	TUMOR	TUMOR	TUMOR	TUMOR	TUMOR	TUMOR	TUMOR	TUMOR	TUMOR	T.CD4	UNLABELED	TUMOR	TUMOR	TUMOR	UNLABELED
merck_cd45negcd90neg_PL3_S211	TUMOR	TUMOR	TUMOR	TUMOR	TUMOR	TUMOR	TUMOR	TUMOR	TUMOR	TUMOR	TUMOR	TUMOR	TUMOR	TUMOR	UNLABELED	UNLABELED	TUMOR	TUMOR	TUMOR	UNLABELED
cy102_CD45neg_CD90neg_S94	TUMOR	TUMOR	TUMOR	TUMOR	TUMOR	TUMOR	TUMOR	TUMOR	TUMOR	TUMOR	TUMOR	TUMOR	TUMOR	TUMOR	UNLABELED	UNLABELED	TUMOR	TUMOR	TUMOR	UNLABELED
cy102_CD45neg_CD90neg_S31	TUMOR	CAF	UNLABELED	TUMOR	T.CD8	UNLABELED	TCELL	TUMOR	TUMOR	TUMOR	TUMOR	TUMOR	TUMOR	TUMOR	UNLABELED	TUMOR	UNLABELED	TUMOR	TUMOR	UNLABELED
cy53_1_CD45_neg_E04_S340_comb	TUMOR	TUMOR	UNLABELED	TUMOR	TUMOR	TUMOR	CAF	ENDO.	TUMOR	TUMOR	TUMOR	UNLABELED	ENDO.	TUMOR	BCELL	UNLABELED	TUMOR	TUMOR	TUMOR	UNLABELED
cy81_FNA_CD45_neg_B04_S976_comb	TUMOR	CAF	UNLABELED	TUMOR	TUMOR	TUMOR	TUMOR	CAF	CAF	CAF	TUMOR	CAF	TUMOR	UNLABELED	T.CD4	CAF	CAF	TUMOR	TUMOR	UNLABELED
CY89NEG_C03_S27_comb	TUMOR	TUMOR	TUMOR	TUMOR	TUMOR	TUMOR	TUMOR	TUMOR	TUMOR	TUMOR	TUMOR	TUMOR	TUMOR	TUMOR	UNLABELED	UNLABELED	TUMOR	TUMOR	TUMOR	UNLABELED
cy80_CD45_neg_E04_S916_comb	TUMOR	TUMOR	UNLABELED	TUMOR	TUMOR	TUMOR	TUMOR	CAF	TUMOR	TUMOR	TUMOR	TUMOR	TUMOR	TUMOR	BCELL	UNLABELED	TUMOR	TUMOR	TUMOR	UNLABELED
CY75_1_CD45_CD8_8__S350_comb_BCD8	T.CD8	T.CD8	UNLABELED	TCELL	T.CD8	UNLABELED	TCELL	BCELL	T.CD8	T.CD8	T.CD8	T.CD8	T.CD8	T.CD8	NK	UNLABELED	UNLABELED	T.CD8	T.CD8	UNLABELED
cy80_CD45_pos_PD1_pos_B01_S109_comb	T.CD8	T.CD8	UNLABELED	T.CD8	T.CD8	T.CD8	NK	NK	NK	T.CD8	NK	T.CD8	T.CD8	T.CD8	NK	UNLABELED	UNLABELED	T.CD8	T.CD8	UNLABELED
cy58_1_CD45_pos_A08_S584_comb	T.CD8	T.CD8	UNLABELED	T.CD8	T.CD8	UNLABELED	NK	NK	T.CD8	T.CD8	T.CD8	UNLABELED	T.CD8	T.CD8	BCELL	MACROPHAGE	T.CD8	TCELL	T.CD8	UNLABELED
cy60_1_cd_45_pos_4_D10_S46_comb	T.CD8	T.CD8	UNLABELED	T.CD8	T.CD8	T.CD8	T.CD8	CAF	T.CD8	T.CD8	T.CD8	T.CD8	T.CD8	UNLABELED	BCELL	UNLABELED	T.CD8	T.CD8	T.CD8	UNLABELED
cy80_Cd45_pos_PD1_pos_S183_H03_S183_comb	T.CD8	T.CD8	UNLABELED	T.CD8	T.CD8	T.CD8	T.CD8	NK	TCELL	T.CD8	T.CD8	T.CD8	T.CD8	T.CD8	NK	TCELL	T.CD8	T.CD8	TCELL	UNLABELED
Cy74_CD45_E09_S441_comb	T.CD8	T.CD8	UNLABELED	TCELL	T.CD8	T.CD8	NK	CAF	T.CD8	T.CD8	T.CD8	T.CD8	T.CD8	T.CD8	T.CD8	UNLABELED	UNLABELED	T.CD8	T.CD8	UNLABELED
cy60_1_cd_45_pos_HC_pos_HLDAR_pos_D12_S1008_comb	T.CD8	T.CD8	UNLABELED	T.CD8	T.CD8	T.CD8	T.CD8	CAF	T.CD8	T.CD8	T.CD8	T.CD8	T.CD8	T.CD8	T.CD8	UNLABELED	T.CD8	T.CD8	T.CD8	UNLABELED
cy98_CD45pos_CD8pos_S66	T.CD8	T.CD8	UNLABELED	T.CD8	T.CD8	T.CD8	T.CD8	BCELL	TCELL	T.CD8	T.CD8	UNLABELED	T.CD8	T.CD8	T.CD4	UNLABELED	UNLABELED	T.CD8	T.CD8	UNLABELED
cy103_CD45pos_S98	T.CD8	T.CD8	UNLABELED	TCELL	T.CD8	T.CD8	TCELL	BCELL	TCELL	T.CD8	T.CD8	UNLABELED	T.CD8	T.CD8	TCELL	UNLABELED	UNLABELED	T.CD8	T.CD8	UNLABELED
merck_cd45pos_PL3_S359	T.CD8	T.CD8	T.CD8	T.CD8	T.CD8	T.CD8	T.CD8	BCELL	T.CD8	T.CD8	T.CD8	T.CD8	T.CD8	T.CD8	T.CD4	UNLABELED	UNLABELED	T.CD8	T.CD8	UNLABELED
MGH00478_CD45pos_1_S203	T.CD4	T.CD4	T.CD4	T.CD4	T.CD4	T.CD4	T.CD4	T.CD4	T.CD4	T.CD4	T.CD4	T.CD4	T.CD4	T.CD4	T.CD4	UNLABELED	T.CD4	T.CD4	T.CD4	UNLABELED
cy60_1_cd_45_pos_3_B08_S308_comb	T.CD4	T.CD4	UNLABELED	T.CD4	T.CD4	UNLABELED	NK	CAF	T.CD4	T.CD4	T.CD8	T.CD4	T.CD4	T.CD4	BCELL	UNLABELED	T.CD8	T.CD4	T.CD4	UNLABELED
cy80_CD45_pos_PD1_pos_G12_S180_comb	T.CD4	T.CD8	UNLABELED	T.CD8	T.CD8	UNLABELED	T.CD8	NK	T.CD8	TCELL	T.CD8	T.CD8	T.CD4	UNLABELED	NK	UNLABELED	T.CD8	TCELL	NK	UNLABELED
Cy81_FNA_CD45_A08_S200_comb	T.CD4	T.CD4	UNLABELED	T.CD4	T.CD4	T.CD4	T.CD4	T.CD4	TCELL	T.CD4	TCELL	T.CD4	T.CD4	UNLABELED	TCELL	UNLABELED	UNLABELED	TCELL	T.CD4	UNLABELED
cy116_CD45pos_S293	T.CD4	T.CD4	UNLABELED	T.CD4	T.CD4	T.CD4	T.CD4	TCELL	T.CD4	T.CD4	T.CD4	UNLABELED	T.CD4	TCELL	TCELL	UNLABELED	UNLABELED	TCELL	TCELL	UNLABELED
cy88_cd_45_pos_3_F07_S643_comb	T.CD4	T.CD4	UNLABELED	T.CD4	T.CD4	T.CD4	NK	CAF	T.CD4	T.CD4	T.CD4	UNLABELED	T.CD4	T.CD4	BCELL	UNLABELED	UNLABELED	T.CD4	T.CD4	UNLABELED
CY89A_Core_15_G07_S79_comb	T.CD4	TCELL	UNLABELED	T.CD4	T.CD4	UNLABELED	T.CD4	NK	TCELL	T.CD4	T.CD4	UNLABELED	TCELL	TCELL	BCELL	UNLABELED	UNLABELED	T.CD4	TCELL	UNLABELED
cy94_cd45pos_4_C10_S34_comb	T.CD4	T.CD4	UNLABELED	T.CD4	T.CD4	UNLABELED	T.CD4	CAF	T.CD4	T.CD4	T.CD4	T.CD4	T.CD4	TCELL	BCELL	T.CD4	UNLABELED	TCELL	T.CD4	UNLABELED
Cy81_FNA_CD45_A02_S194_comb	T.CD4	TCELL	UNLABELED	T.CD4	T.CD4	T.CD4	TCELL	T.CD4	TCELL	T.CD4	T.CD4	T.CD4	T.CD4	TCELL	T.CD8	UNLABELED	UNLABELED	TCELL	T.CD4	UNLABELED
cy04.3_CD45pos_S59	T.CD4	T.CD4	UNLABELED	TCELL	T.CD4	UNLABELED	TCELL	BCELL	TCELL	T.CD4	TCELL	T.CD4	T.CD4	T.CD4	TCELL	UNLABELED	UNLABELED	TCELL	T.CD4	UNLABELED
MGH00478_CD45pos_2_S326	BCELL	BCELL	BCELL	BCELL	BCELL	BCELL	BCELL	BCELL	BCELL	BCELL	BCELL	BCELL	BCELL	BCELL	TCELL	BCELL	UNLABELED	BCELL	BCELL	UNLABELED
cy60_1_cd_45_pos_4_E10_S58_comb	BCELL	BCELL	BCELL	BCELL	BCELL	BCELL	BCELL	NK	BCELL	BCELL	BCELL	BCELL	BCELL	BCELL	NK	MACROPHAGE	UNLABELED	BCELL	BCELL	UNLABELED
cy94_cd45neg_cd90pos_E04_S340_comb	BCELL	BCELL	BCELL	BCELL	BCELL	BCELL	BCELL	BCELL	BCELL	BCELL	BCELL	BCELL	BCELL	BCELL	TCELL	UNLABELED	UNLABELED	BCELL	BCELL	UNLABELED
cy94_cd45pos_G04_S172_comb	BCELL	BCELL	UNLABELED	BCELL	BCELL	BCELL	NK	CAF	BCELL	BCELL	BCELL	BCELL	BCELL	BCELL	TCELL	UNLABELED	BCELL	BCELL	BCELL	UNLABELED
CY89A_CD45_POS_6_A09_S105_comb	BCELL	BCELL	UNLABELED	BCELL	BCELL	BCELL	NK	CAF	BCELL	BCELL	BCELL	BCELL	BCELL	BCELL	NK	BCELL	BCELL	BCELL	BCELL	UNLABELED
cy82_CD45_pos_1_B12_S504_comb	BCELL	BCELL	BCELL	BCELL	BCELL	BCELL	BCELL	BCELL	BCELL	BCELL	BCELL	BCELL	BCELL	BCELL	NK	UNLABELED	UNLABELED	BCELL	BCELL	UNLABELED
cy74_CD45_pos_E07_S727_comb	BCELL	BCELL	UNLABELED	BCELL	BCELL	BCELL	NK	CAF	BCELL	BCELL	BCELL	BCELL	BCELL	BCELL	TCELL	BCELL	BCELL	BCELL	BCELL	UNLABELED
cy80_Cd45_pos_Pd1_neg_S289_E01_S289_comb	BCELL	BCELL	BCELL	BCELL	BCELL	BCELL	BCELL	BCELL	BCELL	BCELL	BCELL	BCELL	BCELL	BCELL	TCELL	UNLABELED	UNLABELED	BCELL	BCELL	UNLABELED
CY94CD45POS_1_H03_S183_comb	BCELL	BCELL	BCELL	BCELL	BCELL	BCELL	BCELL	BCELL	BCELL	BCELL	BCELL	BCELL	BCELL	BCELL	TCELL	BCELL	UNLABELED	BCELL	BCELL	UNLABELED
MGH00478_CD45pos_2_S361	BCELL	BCELL	BCELL	BCELL	BCELL	BCELL	BCELL	BCELL	BCELL	BCELL	BCELL	BCELL	BCELL	BCELL	TCELL	BCELL	BCELL	BCELL	BCELL	UNLABELED
cy110_CD45pos_S195	TCELL	TCELL	UNLABELED	TCELL	T.CD4	UNLABELED	TCELL	TCELL	TCELL	T.CD4	TCELL	UNLABELED	T.CD4	TCELL	TCELL	UNLABELED	TCELL	TCELL	TCELL	UNLABELED
cy110_CD45pos_S314	TCELL	TCELL	UNLABELED	TCELL	BCELL	UNLABELED	TCELL	TUMOR	TCELL	TCELL	MACROPHAGE	UNLABELED	BCELL	TCELL	T.CD8	UNLABELED	MACROPHAGE	TCELL	TCELL	UNLABELED
MGH00478_CD45pos_1_S264	TCELL	TCELL	UNLABELED	T.CD8	T.CD4	T.CD4	TCELL	T.CD8	TCELL	TCELL	T.CD4	UNLABELED	TCELL	UNLABELED	TCELL	T.CD4	UNLABELED	TCELL	T.CD4	UNLABELED
Cy72_CD45_H06_S762_comb	TCELL	T.CD4	UNLABELED	T.CD4	T.CD4	T.CD4	T.CD4	CAF	TCELL	TCELL	TCELL	T.CD4	TCELL	UNLABELED	BCELL	UNLABELED	UNLABELED	T.CD4	T.CD4	UNLABELED
cy58_1_CD45_pos_F07_S643_comb	TCELL	TCELL	UNLABELED	T.CD4	T.CD8	UNLABELED	NK	CAF	TCELL	TCELL	TCELL	UNLABELED	T.CD4	UNLABELED	BCELL	UNLABELED	UNLABELED	TCELL	T.CD4	UNLABELED
cy94_cd45pos_D02_S134_comb	TCELL	T.CD4	UNLABELED	T.CD4	T.CD4	T.CD4	TCELL	BCELL	TCELL	T.CD4	TCELL	T.CD4	TCELL	UNLABELED	TCELL	UNLABELED	UNLABELED	T.CD4	TCELL	UNLABELED
CY88CD45_150813_B01_S301_comb	TCELL	TCELL	UNLABELED	T.CD4	T.CD4	T.CD4	T.CD4	TCELL	TCELL	TCELL	T.CD4	UNLABELED	TCELL	TCELL	T.CD8	UNLABELED	UNLABELED	TCELL	T.CD4	UNLABELED
cy121.1_CD45pos_S311	TCELL	TCELL	UNLABELED	TCELL	T.CD8	UNLABELED	TCELL	T.CD4	TCELL	TCELL	T.CD8	UNLABELED	BCELL	T.CD8	TCELL	UNLABELED	UNLABELED	TCELL	TCELL	UNLABELED
cy106_CD45pos_S215	TCELL	CAF	UNLABELED	CAF	T.CD8	UNLABELED	NK	CAF	TCELL	CAF	CAF	UNLABELED	TCELL	ENDO.	TCELL	UNLABELED	UNLABELED	TCELL	BCELL	UNLABELED
cy82_CD45_pos_1_G10_S562_comb	TCELL	TCELL	UNLABELED	T.CD4	T.CD4	T.CD4	TCELL	T.CD4	T.CD4	TCELL	T.CD4	T.CD4	TCELL	TCELL	BCELL	UNLABELED	UNLABELED	TCELL	TCELL	UNLABELED
cy98_CD45pos_2_S321	MACROPHAGE	MACROPHAGE	MACROPHAGE	MACROPHAGE	MACROPHAGE	MACROPHAGE	MACROPHAGE	MACROPHAGE	MACROPHAGE	MACROPHAGE	MACROPHAGE	MACROPHAGE	MACROPHAGE	MACROPHAGE	MACROPHAGE	MACROPHAGE	MACROPHAGE	MACROPHAGE	MACROPHAGE	UNLABELED
CY84_PRIM_POS_ALL_7_B04_S208_comb	MACROPHAGE	MACROPHAGE	UNLABELED	MACROPHAGE	MACROPHAGE	MACROPHAGE	NK	CAF	MACROPHAGE	MACROPHAGE	MACROPHAGE	MACROPHAGE	MACROPHAGE	MACROPHAGE	BCELL	MACROPHAGE	MACROPHAGE	MACROPHAGE	MACROPHAGE	UNLABELED
cy110_CD45pos_S199	MACROPHAGE	MACROPHAGE	MACROPHAGE	MACROPHAGE	MACROPHAGE	MACROPHAGE	MACROPHAGE	MACROPHAGE	MACROPHAGE	MACROPHAGE	MACROPHAGE	MACROPHAGE	MACROPHAGE	MACROPHAGE	MACROPHAGE	MACROPHAGE	MACROPHAGE	MACROPHAGE	MACROPHAGE	UNLABELED
cy110_CD45pos_S262	MACROPHAGE	MACROPHAGE	MACROPHAGE	MACROPHAGE	MACROPHAGE	MACROPHAGE	MACROPHAGE	MACROPHAGE	MACROPHAGE	MACROPHAGE	MACROPHAGE	MACROPHAGE	MACROPHAGE	MACROPHAGE	MACROPHAGE	MACROPHAGE	MACROPHAGE	MACROPHAGE	MACROPHAGE	UNLABELED
CY88CD45POS_2_G03_S459_comb	MACROPHAGE	MACROPHAGE	MACROPHAGE	MACROPHAGE	MACROPHAGE	MACROPHAGE	NK	CAF	MACROPHAGE	MACROPHAGE	MACROPHAGE	MACROPHAGE	MACROPHAGE	MACROPHAGE	MACROPHAGE	MACROPHAGE	UNLABELED	MACROPHAGE	MACROPHAGE	UNLABELED
cy110_CD45pos_S322	MACROPHAGE	MACROPHAGE	MACROPHAGE	MACROPHAGE	MACROPHAGE	MACROPHAGE	MACROPHAGE	MACROPHAGE	MACROPHAGE	MACROPHAGE	MACROPHAGE	MACROPHAGE	MACROPHAGE	MACROPHAGE	MACROPHAGE	MACROPHAGE	MACROPHAGE	MACROPHAGE	MACROPHAGE	MACROPHAGE
cy102_CD45pos_S216	MACROPHAGE	MACROPHAGE	MACROPHAGE	MACROPHAGE	MACROPHAGE	MACROPHAGE	MACROPHAGE	MACROPHAGE	MACROPHAGE	MACROPHAGE	MACROPHAGE	MACROPHAGE	MACROPHAGE	UNLABELED	BCELL	MACROPHAGE	MACROPHAGE	MACROPHAGE	MACROPHAGE	UNLABELED
CY89FNA_E03_S243_comb	MACROPHAGE	MACROPHAGE	MACROPHAGE	MACROPHAGE	MACROPHAGE	MACROPHAGE	MACROPHAGE	MACROPHAGE	MACROPHAGE	MACROPHAGE	MACROPHAGE	MACROPHAGE	MACROPHAGE	MACROPHAGE	BCELL	MACROPHAGE	MACROPHAGE	MACROPHAGE	MACROPHAGE	UNLABELED
cy126_CD45pos_2_S149	MACROPHAGE	MACROPHAGE	MACROPHAGE	MACROPHAGE	MACROPHAGE	MACROPHAGE	MACROPHAGE	MACROPHAGE	MACROPHAGE	MACROPHAGE	MACROPHAGE	MACROPHAGE	MACROPHAGE	MACROPHAGE	MACROPHAGE	MACROPHAGE	MACROPHAGE	MACROPHAGE	MACROPHAGE	UNLABELED
CY88CD45_150813_D03_S327_comb	MACROPHAGE	MACROPHAGE	MACROPHAGE	MACROPHAGE	MACROPHAGE	MACROPHAGE	MACROPHAGE	MACROPHAGE	MACROPHAGE	MACROPHAGE	MACROPHAGE	MACROPHAGE	MACROPHAGE	MACROPHAGE	MACROPHAGE	MACROPHAGE	MACROPHAGE	MACROPHAGE	MACROPHAGE	UNLABELED
cy94_cd45neg_cd90pos_A08_S296_comb	CAF	CAF	CAF	CAF	CAF	CAF	CAF	ENDO.	CAF	CAF	ENDO.	UNLABELED	CAF	CAF	BCELL	UNLABELED	CAF	CAF	CAF	UNLABELED
CY88CD45_150813_D07_S331_comb	CAF	CAF	CAF	CAF	CAF	CAF	CAF	CAF	CAF	CAF	CAF	CAF	TUMOR	CAF	CAF	CAF	UNLABELED	CAF	CAF	UNLABELED
Cy81_Bulk_CD45_B11_S119_comb	CAF	CAF	CAF	TUMOR	TUMOR	TUMOR	TUMOR	TUMOR	CAF	TUMOR	TUMOR	UNLABELED	CAF	CAF	UNLABELED	UNLABELED	TUMOR	TUMOR	CAF	UNLABELED
CY88_5_B08_S692_comb	CAF	TUMOR	TUMOR	TUMOR	TUMOR	TUMOR	TUMOR	TUMOR	TUMOR	TUMOR	TUMOR	TUMOR	CAF	TUMOR	UNLABELED	UNLABELED	TUMOR	TUMOR	TUMOR	UNLABELED
cy75_1B_CORE_CD45neg_S168	CAF	CAF	CAF	CAF	CAF	CAF	CAF	CAF	CAF	CAF	ENDO.	CAF	CAF	CAF	CAF	CAF	CAF	CAF	CAF	UNLABELED
cy80_CD_90_pos_A02_S866_comb	CAF	CAF	CAF	CAF	CAF	CAF	CAF	CAF	CAF	CAF	CAF	CAF	CAF	CAF	UNLABELED	CAF	CAF	CAF	CAF	CAF
cy80_CD_90_pos_D03_S903_comb	CAF	CAF	UNLABELED	CAF	T.CD8	UNLABELED	NK	CAF	CAF	CAF	CAF	CAF	CAF	CAF	BCELL	CAF	CAF	CAF	CAF	UNLABELED
cy75_1B_CORE_CD45neg_S187	CAF	CAF	CAF	CAF	CAF	CAF	CAF	CAF	CAF	CAF	CAF	CAF	CAF	CAF	CAF	CAF	CAF	CAF	CAF	UNLABELED
cy112_CD45neg_CD90neg_S171_9	CAF	CAF	UNLABELED	CAF	TUMOR	UNLABELED	CAF	CAF	CAF	CAF	TUMOR	UNLABELED	CAF	CAF	UNLABELED	TUMOR	UNLABELED	TUMOR	CAF	UNLABELED
Cy81_Bulk_CD45_G08_S176_comb	CAF	CAF	CAF	CAF	TUMOR	UNLABELED	NK	CAF	CAF	CAF	CAF	UNLABELED	CAF	CAF	BCELL	TUMOR	UNLABELED	TUMOR	CAF	UNLABELED
cy79_p5_CD45_neg_PDL1_neg_C04_S796_comb	ENDO.	TUMOR	UNLABELED	TUMOR	TUMOR	TUMOR	TUMOR	TUMOR	TUMOR	TUMOR	TUMOR	TUMOR	TUMOR	UNLABELED	T.CD4	UNLABELED	TUMOR	TUMOR	TUMOR	UNLABELED
cy81_Bulk_CD45_neg_E02_S146_comb	ENDO.	TUMOR	UNLABELED	ENDO.	TUMOR	TUMOR	TUMOR	CAF	TUMOR	ENDO.	TUMOR	UNLABELED	TUMOR	UNLABELED	UNLABELED	UNLABELED	TUMOR	TUMOR	ENDO.	UNLABELED
cy79_p3_CD45_neg_PDL1_neg_H07_S283_comb	ENDO.	TUMOR	UNLABELED	TUMOR	TUMOR	TUMOR	NK	CAF	TUMOR	TUMOR	TUMOR	TUMOR	TUMOR	TUMOR	BCELL	UNLABELED	TUMOR	TUMOR	TUMOR	UNLABELED
cy105_CD45neg_S237	ENDO.	ENDO.	ENDO.	ENDO.	ENDO.	ENDO.	ENDO.	ENDO.	ENDO.	ENDO.	ENDO.	ENDO.	ENDO.	ENDO.	UNLABELED	ENDO.	ENDO.	ENDO.	ENDO.	UNLABELED
cy105_Zombineg_CD45neg_CD90neg_S147	ENDO.	ENDO.	ENDO.	ENDO.	ENDO.	ENDO.	ENDO.	CAF	ENDO.	ENDO.	ENDO.	ENDO.	ENDO.	ENDO.	ENDO.	ENDO.	ENDO.	ENDO.	ENDO.	UNLABELED
cy105_CD45neg_S265	ENDO.	ENDO.	ENDO.	ENDO.	ENDO.	ENDO.	ENDO.	ENDO.	ENDO.	ENDO.	ENDO.	ENDO.	ENDO.	ENDO.	ENDO.	ENDO.	ENDO.	ENDO.	ENDO.	UNLABELED
cy105_Zombineg_CD45neg_CD90neg_S169	ENDO.	ENDO.	ENDO.	ENDO.	ENDO.	ENDO.	ENDO.	ENDO.	ENDO.	ENDO.	ENDO.	ENDO.	ENDO.	ENDO.	ENDO.	ENDO.	ENDO.	ENDO.	ENDO.	UNLABELED
cy105_Zombineg_CD45neg_CD90neg_S171	ENDO.	ENDO.	ENDO.	ENDO.	ENDO.	ENDO.	ENDO.	ENDO.	ENDO.	ENDO.	ENDO.	ENDO.	ENDO.	ENDO.	ENDO.	UNLABELED	ENDO.	ENDO.	ENDO.	UNLABELED
cy80_CD45_neg_A04_S868_comb	ENDO.	ENDO.	ENDO.	ENDO.	ENDO.	ENDO.	ENDO.	ENDO.	ENDO.	ENDO.	ENDO.	ENDO.	ENDO.	ENDO.	BCELL	ENDO.	ENDO.	ENDO.	ENDO.	UNLABELED
cy53_1_CD45_neg_H07_S379_comb	ENDO.	ENDO.	UNLABELED	ENDO.	ENDO.	ENDO.	ENDO.	ENDO.	ENDO.	ENDO.	ENDO.	ENDO.	ENDO.	ENDO.	BCELL	ENDO.	ENDO.	ENDO.	ENDO.	UNLABELED
cy121.1_CD45pos_S343	NK	T.CD8	UNLABELED	T.CD8	T.CD8	T.CD8	T.CD8	T.CD8	TCELL	T.CD8	T.CD8	T.CD8	NK	NK	TCELL	UNLABELED	T.CD8	T.CD8	T.CD8	UNLABELED
cy126_CD45pos_2_S114	NK	NK	NK	NK	T.CD4	UNLABELED	NK	NK	NK	NK	NK	NK	NK	NK	TCELL	UNLABELED	UNLABELED	NK	NK	UNLABELED
cy80_CD45_neg_H11_S479_comb	NK	T.CD8	UNLABELED	T.CD8	T.CD8	UNLABELED	NK	NK	NK	NK	NK	UNLABELED	NK	TCELL	NK	UNLABELED	UNLABELED	TCELL	TCELL	UNLABELED
CY84_PRIM_POS_ALL_8_E10_S154_comb	NK	NK	NK	NK	T.CD4	UNLABELED	NK	NK	NK	NK	NK	NK	NK	NK	T.CD8	UNLABELED	UNLABELED	NK	NK	UNLABELED
cy80_Cd45_pos_PD1_pos_S115_E07_S115_comb	NK	T.CD8	UNLABELED	NK	T.CD8	T.CD8	NK	CAF	NK	NK	NK	T.CD8	NK	UNLABELED	BCELL	UNLABELED	UNLABELED	T.CD8	T.CD8	UNLABELED
cy121.1_CD45pos_S322	NK	NK	NK	NK	NK	NK	TCELL	NK	NK	NK	TCELL	NK	NK	NK	T.CD8	UNLABELED	UNLABELED	NK	NK	UNLABELED
cy58_1_CD45_pos_C04_S604_comb	NK	NK	NK	NK	NK	NK	NK	NK	NK	NK	NK	NK	NK	NK	T.CD8	UNLABELED	NK	NK	NK	UNLABELED
cy75_1B_CD45pos_S93	NK	NK	NK	NK	NK	NK	NK	NK	NK	NK	NK	NK	NK	NK	T.CD8	UNLABELED	UNLABELED	NK	NK	UNLABELED
cy53_1_CD45_pos_2_H06_S1050_comb	NK	NK	NK	NK	NK	NK	NK	NK	NK	NK	NK	NK	NK	NK	TCELL	UNLABELED	NK	NK	NK	UNLABELED
cy60_1_cd_45_pos_3_B05_S305_comb	NK	NK	UNLABELED	TCELL	T.CD8	UNLABELED	NK	CAF	NK	NK	NK	UNLABELED	TCELL	UNLABELED	NK	UNLABELED	UNLABELED	T.CD4	TCELL	UNLABELED
cy79_p1_CD45_neg_PDL1_neg_AS_C4_R1_C04_S124_comb	TUMOR	TUMOR	UNLABELED	TUMOR	TUMOR	TUMOR	CAF	TUMOR	TUMOR	TUMOR	TUMOR	TUMOR	TUMOR	TUMOR	CAF	UNLABELED	TUMOR	TUMOR	TUMOR	UNLABELED
cy103_CD45neg_CD90neg_S43	TUMOR	TUMOR	TUMOR	TCELL	TUMOR	TUMOR	TUMOR	TUMOR	TUMOR	TUMOR	TUMOR	TUMOR	TUMOR	TUMOR	CAF	TUMOR	TUMOR	TUMOR	TUMOR	UNLABELED
cy103_CD45neg_CD90neg_S4	TUMOR	TUMOR	TUMOR	TUMOR	TUMOR	TUMOR	TUMOR	TUMOR	TUMOR	TUMOR	ENDO.	TUMOR	TUMOR	TUMOR	CAF	UNLABELED	TUMOR	TUMOR	TUMOR	UNLABELED
cy78_CD45_neg_3_H08_S764_comb	TUMOR	TUMOR	TUMOR	TUMOR	TUMOR	TUMOR	TUMOR	TUMOR	TUMOR	TUMOR	TUMOR	TUMOR	TUMOR	TUMOR	CAF	TUMOR	TUMOR	TUMOR	TUMOR	UNLABELED
cy79_p4_CD45_neg_PDL1_pos_C07_S415_comb	TUMOR	TUMOR	TUMOR	TUMOR	TUMOR	TUMOR	TUMOR	TUMOR	TUMOR	TUMOR	TUMOR	TUMOR	TUMOR	TUMOR	CAF	UNLABELED	TUMOR	TUMOR	TUMOR	UNLABELED
cy79_p3_CD45_neg_PDL1_neg_F08_S260_comb	TUMOR	TUMOR	TUMOR	TUMOR	TUMOR	TUMOR	TUMOR	CAF	TUMOR	TUMOR	TUMOR	TUMOR	TUMOR	TUMOR	T.CD8	UNLABELED	TUMOR	TUMOR	TUMOR	UNLABELED
cy106_CD45neg_S328	TUMOR	TUMOR	TUMOR	TUMOR	TUMOR	TUMOR	TUMOR	TUMOR	TUMOR	TUMOR	TUMOR	UNLABELED	CAF	TUMOR	T.CD8	UNLABELED	TUMOR	TUMOR	TUMOR	UNLABELED
cy78_CD45_neg_3_G12_S756_comb	TUMOR	TUMOR	TUMOR	TUMOR	TUMOR	TUMOR	TUMOR	TUMOR	TUMOR	TUMOR	TUMOR	TUMOR	TUMOR	TUMOR	CAF	UNLABELED	TUMOR	TUMOR	TUMOR	UNLABELED
Cy81_FNA_CD45_H08_S380_comb	TUMOR	TUMOR	UNLABELED	TUMOR	TUMOR	UNLABELED	TUMOR	TUMOR	TUMOR	CAF	TUMOR	UNLABELED	CAF	UNLABELED	T.CD8	UNLABELED	TUMOR	TUMOR	CAF	UNLABELED
merck_cd45negcd90neg_PL3_S275	TUMOR	TUMOR	UNLABELED	TUMOR	TUMOR	TUMOR	T.CD8	CAF	TUMOR	TUMOR	TUMOR	UNLABELED	TUMOR	TUMOR	CAF	TUMOR	UNLABELED	TUMOR	CAF	UNLABELED
CY75_1_CD45_CD8_8__S320_comb_BCD8	T.CD8	TCELL	UNLABELED	TCELL	T.CD4	UNLABELED	TCELL	TCELL	TCELL	T.CD8	T.CD8	T.CD8	T.CD8	UNLABELED	TCELL	UNLABELED	UNLABELED	TCELL	TCELL	UNLABELED
cy105_CD45pos_calceinpos_S16	T.CD8	T.CD8	UNLABELED	NK	T.CD4	UNLABELED	TCELL	T.CD8	NK	T.CD8	T.CD4	UNLABELED	T.CD8	UNLABELED	T.CD4	UNLABELED	UNLABELED	T.CD4	TCELL	UNLABELED
cy98_CD45pos_CD8pos_S59	T.CD8	T.CD8	UNLABELED	T.CD8	T.CD4	UNLABELED	TCELL	T.CD4	T.CD8	T.CD8	T.CD8	T.CD8	T.CD8	T.CD8	T.CD8	UNLABELED	T.CD8	T.CD8	TCELL	UNLABELED
CY75_1_CD45_CD8_3__S168_comb_BCD8	T.CD8	T.CD8	UNLABELED	T.CD8	T.CD8	T.CD8	T.CD8	CAF	T.CD8	T.CD8	T.CD4	T.CD8	T.CD8	T.CD8	T.CD8	UNLABELED	UNLABELED	T.CD8	T.CD8	UNLABELED
CY75_1_CD45_CD8_8__S372_comb_BCD8	T.CD8	T.CD8	UNLABELED	TCELL	T.CD8	UNLABELED	TCELL	T.CD4	TCELL	T.CD8	T.CD8	T.CD8	T.CD8	T.CD8	T.CD8	UNLABELED	T.CD8	T.CD8	T.CD8	UNLABELED
cy105_CD45pos_calceinpos_S69	T.CD8	TCELL	UNLABELED	T.CD4	T.CD4	T.CD4	TCELL	TCELL	TCELL	TCELL	T.CD4	T.CD4	TCELL	UNLABELED	T.CD4	UNLABELED	UNLABELED	TCELL	TCELL	UNLABELED
cy79_p4_CD45_pos_PD1_pos_G02_S362_comb	T.CD8	TCELL	UNLABELED	T.CD4	T.CD4	UNLABELED	TCELL	T.CD8	T.CD8	T.CD8	BCELL	T.CD8	TCELL	TCELL	T.CD8	UNLABELED	UNLABELED	TCELL	T.CD8	UNLABELED
CY75_1_CD45_CD8_8__S310_comb_BCD8	T.CD8	NK	UNLABELED	T.CD8	NK	NK	NK	CAF	NK	T.CD8	T.CD4	NK	T.CD8	NK	NK	UNLABELED	UNLABELED	NK	NK	UNLABELED
cy58_1_CD45_pos_H10_S670_comb	T.CD8	T.CD8	UNLABELED	T.CD8	T.CD8	UNLABELED	TCELL	T.CD8	TCELL	T.CD8	T.CD8	T.CD8	T.CD8	T.CD8	TCELL	UNLABELED	UNLABELED	T.CD8	T.CD8	UNLABELED
Merck_CD45pos_pl4_S38	T.CD8	T.CD8	UNLABELED	T.CD4	T.CD4	UNLABELED	TCELL	T.CD8	NK	T.CD8	T.CD8	UNLABELED	T.CD8	T.CD8	T.CD8	UNLABELED	UNLABELED	T.CD8	TCELL	UNLABELED
cy80_Cd45_pos_PD1_pos_S144_F12_S144_comb	T.CD4	TCELL	UNLABELED	T.CD4	T.CD4	T.CD4	T.CD4	TCELL	T.CD4	T.CD4	T.CD4	UNLABELED	TCELL	UNLABELED	T.CD4	UNLABELED	UNLABELED	TCELL	TCELL	UNLABELED
cy126_CD45pos_1_S39	T.CD4	T.CD4	T.CD4	T.CD4	T.CD4	T.CD4	T.CD4	BCELL	T.CD4	T.CD4	TCELL	T.CD4	T.CD4	UNLABELED	T.CD8	UNLABELED	UNLABELED	T.CD4	T.CD4	UNLABELED
cy110_CD45pos_S334	T.CD4	T.CD4	UNLABELED	T.CD4	T.CD4	UNLABELED	T.CD4	T.CD8	T.CD4	T.CD4	T.CD8	T.CD4	BCELL	TCELL	T.CD4	UNLABELED	T.CD8	T.CD4	T.CD4	UNLABELED
Merck_CD45pos_pl4_S17	T.CD4	T.CD4	UNLABELED	TCELL	T.CD4	UNLABELED	T.CD4	T.CD4	T.CD4	T.CD4	T.CD8	T.CD4	T.CD4	T.CD4	TCELL	UNLABELED	UNLABELED	T.CD4	TCELL	UNLABELED
MGH00478_CD45pos_1_S197	T.CD4	T.CD4	UNLABELED	TCELL	TCELL	UNLABELED	TCELL	BCELL	T.CD4	T.CD4	TCELL	T.CD4	TCELL	T.CD4	T.CD4	UNLABELED	UNLABELED	T.CD4	TCELL	UNLABELED
cy79_p3_CD45_pos_PD1_neg_F09_S165_comb	T.CD4	TCELL	UNLABELED	TCELL	T.CD4	UNLABELED	T.CD4	CAF	T.CD4	T.CD4	TCELL	UNLABELED	T.CD4	T.CD4	BCELL	UNLABELED	UNLABELED	TCELL	TCELL	UNLABELED
cy79_p3_CD45_pos_PD1_pos_AS_C2_R1_C04_S412_comb	T.CD4	TCELL	UNLABELED	T.CD4	T.CD8	UNLABELED	T.CD8	CAF	T.CD4	T.CD4	T.CD4	T.CD4	T.CD4	T.CD4	BCELL	UNLABELED	T.CD4	T.CD4	T.CD4	UNLABELED
MGH00478_CD45pos_2_S337	T.CD4	T.CD4	UNLABELED	T.CD4	T.CD4	T.CD4	TCELL	NK	T.CD4	T.CD4	TCELL	T.CD4	TCELL	TCELL	TCELL	UNLABELED	UNLABELED	T.CD4	T.CD4	UNLABELED
cy80_Cd45_pos_PD1_pos_A04_S16_comb	T.CD4	T.CD4	UNLABELED	T.CD4	T.CD4	T.CD4	T.CD4	TCELL	TCELL	T.CD4	T.CD4	UNLABELED	T.CD4	T.CD4	T.CD4	UNLABELED	T.CD4	T.CD4	TCELL	UNLABELED
cy94_cd45pos_4_H04_S88_comb	T.CD4	TCELL	UNLABELED	T.CD4	T.CD4	UNLABELED	TCELL	TCELL	T.CD4	T.CD4	T.CD4	T.CD4	T.CD4	T.CD4	TCELL	UNLABELED	UNLABELED	TCELL	T.CD4	UNLABELED
cy126_CD45pos_1_S28	BCELL	BCELL	BCELL	BCELL	BCELL	BCELL	BCELL	BCELL	BCELL	BCELL	BCELL	BCELL	BCELL	BCELL	T.CD8	UNLABELED	UNLABELED	BCELL	BCELL	UNLABELED
CY88CD45POS_7_F02_S254_comb	BCELL	BCELL	UNLABELED	BCELL	BCELL	BCELL	BCELL	BCELL	BCELL	BCELL	BCELL	BCELL	BCELL	BCELL	T.CD8	BCELL	UNLABELED	BCELL	BCELL	UNLABELED
cy128_CD45pos_S171	BCELL	BCELL	BCELL	BCELL	BCELL	BCELL	BCELL	BCELL	BCELL	BCELL	BCELL	BCELL	BCELL	BCELL	T.CD8	BCELL	UNLABELED	BCELL	BCELL	UNLABELED
cy79_p1_CD45_pos_PD1_neg_AS_C1_R2_H07_S571_comb	BCELL	BCELL	UNLABELED	BCELL	BCELL	UNLABELED	BCELL	CAF	BCELL	BCELL	BCELL	BCELL	BCELL	BCELL	TUMOR	MACROPHAGE	UNLABELED	BCELL	BCELL	UNLABELED
cy74_CD45_pos_F02_S734_comb	BCELL	BCELL	UNLABELED	BCELL	BCELL	UNLABELED	BCELL	CAF	BCELL	BCELL	BCELL	BCELL	BCELL	BCELL	TUMOR	BCELL	UNLABELED	BCELL	BCELL	UNLABELED
cy94_cd45pos_4_C08_S32_comb	BCELL	BCELL	UNLABELED	BCELL	T.CD4	UNLABELED	BCELL	T.CD8	T.CD4	BCELL	BCELL	BCELL	BCELL	UNLABELED	T.CD4	UNLABELED	UNLABELED	BCELL	BCELL	UNLABELED
cy112_CD45pos_S289	BCELL	BCELL	BCELL	BCELL	BCELL	BCELL	MACROPHAGE	BCELL	BCELL	BCELL	MACROPHAGE	BCELL	BCELL	BCELL	T.CD4	UNLABELED	UNLABELED	BCELL	BCELL	UNLABELED
cy80_CD45_neg_F10_S454_comb	BCELL	BCELL	UNLABELED	BCELL	T.CD4	UNLABELED	BCELL	CAF	BCELL	BCELL	BCELL	BCELL	BCELL	BCELL	TUMOR	UNLABELED	UNLABELED	BCELL	BCELL	UNLABELED
cy94_cd45pos_4_C06_S30_comb	BCELL	BCELL	UNLABELED	BCELL	BCELL	UNLABELED	BCELL	TCELL	T.CD4	BCELL	BCELL	BCELL	BCELL	UNLABELED	T.CD4	UNLABELED	BCELL	BCELL	BCELL	UNLABELED
cy94_cd45pos_4_E10_S58_comb	BCELL	BCELL	BCELL	BCELL	BCELL	BCELL	BCELL	BCELL	BCELL	BCELL	BCELL	BCELL	BCELL	BCELL	TCELL	BCELL	UNLABELED	BCELL	BCELL	UNLABELED
CY89COREQ1_D01_S325_comb	TCELL	T.CD4	UNLABELED	T.CD4	T.CD4	UNLABELED	T.CD4	CAF	T.CD4	TCELL	T.CD4	T.CD4	TCELL	T.CD4	T.CD4	UNLABELED	UNLABELED	TCELL	TCELL	UNLABELED
cy103_CD45pos_S145	TCELL	TCELL	UNLABELED	BCELL	TCELL	UNLABELED	TCELL	CAF	TUMOR	UNLABELED	BCELL	BCELL	BCELL	TCELL	BCELL	UNLABELED	MACROPHAGE	BCELL	TCELL	UNLABELED
cy103_CD45pos_S116	TCELL	T.CD8	UNLABELED	MACROPHAGE	T.CD8	T.CD8	MACROPHAGE	BCELL	T.CD8	T.CD8	MACROPHAGE	T.CD8	T.CD8	T.CD8	T.CD8	MACROPHAGE	UNLABELED	T.CD8	T.CD8	UNLABELED
Cy72_CD45_B11_S695_comb	TCELL	T.CD4	UNLABELED	T.CD4	T.CD4	UNLABELED	T.CD4	TCELL	T.CD4	TCELL	T.CD4	T.CD4	TCELL	T.CD4	TCELL	UNLABELED	UNLABELED	TCELL	T.CD4	UNLABELED
cy98_CD45pos_CD8pos_S91	TCELL	T.CD8	UNLABELED	T.CD8	T.CD8	UNLABELED	TCELL	BCELL	T.CD8	T.CD8	MACROPHAGE	T.CD8	T.CD8	T.CD8	T.CD8	MACROPHAGE	UNLABELED	T.CD8	T.CD8	UNLABELED
cy80_CD45_pos_PD1_pos_F10_S166_comb	TCELL	NK	UNLABELED	T.CD8	T.CD8	T.CD8	T.CD8	CAF	NK	NK	T.CD8	T.CD8	NK	T.CD8	BCELL	UNLABELED	T.CD8	NK	T.CD8	UNLABELED
cy60_1_cd_45_pos_HC_pos_HLDAR_pos_E07_S1015_comb	TCELL	T.CD8	UNLABELED	T.CD8	T.CD8	T.CD8	T.CD8	CAF	T.CD8	T.CD8	T.CD8	T.CD8	T.CD8	T.CD8	T.CD8	UNLABELED	T.CD8	T.CD8	T.CD8	UNLABELED
cy75_1CORE_CD45pos_S16	TCELL	TCELL	UNLABELED	T.CD8	T.CD4	UNLABELED	TCELL	T.CD8	TCELL	TCELL	TCELL	UNLABELED	TCELL	TCELL	TCELL	UNLABELED	UNLABELED	TCELL	TCELL	UNLABELED
cy112_CD45pos_S322	TCELL	T.CD4	UNLABELED	NK	T.CD4	UNLABELED	TCELL	TCELL	T.CD4	TCELL	TCELL	T.CD4	T.CD4	T.CD4	NK	UNLABELED	UNLABELED	T.CD4	T.CD4	UNLABELED
cy82_CD45_pos_1_E06_S534_comb	TCELL	TCELL	UNLABELED	TCELL	CAF	CAF	TCELL	CAF	TCELL	TCELL	TCELL	TCELL	ENDO.	UNLABELED	BCELL	UNLABELED	UNLABELED	TCELL	T.CD4	UNLABELED
cy129PB_CD45pos_S270	MACROPHAGE	MACROPHAGE	MACROPHAGE	MACROPHAGE	MACROPHAGE	MACROPHAGE	BCELL	ENDO.	MACROPHAGE	MACROPHAGE	MACROPHAGE	MACROPHAGE	MACROPHAGE	MACROPHAGE	CAF	MACROPHAGE	MACROPHAGE	MACROPHAGE	MACROPHAGE	MACROPHAGE
cy110_CD45pos_S232	MACROPHAGE	MACROPHAGE	MACROPHAGE	MACROPHAGE	MACROPHAGE	MACROPHAGE	MACROPHAGE	MACROPHAGE	MACROPHAGE	MACROPHAGE	MACROPHAGE	MACROPHAGE	MACROPHAGE	MACROPHAGE	MACROPHAGE	MACROPHAGE	MACROPHAGE	MACROPHAGE	MACROPHAGE	UNLABELED
cy103_CD45pos_S111	MACROPHAGE	MACROPHAGE	UNLABELED	MACROPHAGE	T.CD8	UNLABELED	T.CD8	CAF	MACROPHAGE	MACROPHAGE	MACROPHAGE	MACROPHAGE	MACROPHAGE	MACROPHAGE	MACROPHAGE	MACROPHAGE	MACROPHAGE	MACROPHAGE	MACROPHAGE	UNLABELED
cy129PA_CD45pos_S14	MACROPHAGE	MACROPHAGE	MACROPHAGE	MACROPHAGE	MACROPHAGE	MACROPHAGE	MACROPHAGE	TUMOR	MACROPHAGE	MACROPHAGE	MACROPHAGE	MACROPHAGE	MACROPHAGE	MACROPHAGE	MACROPHAGE	MACROPHAGE	MACROPHAGE	MACROPHAGE	MACROPHAGE	UNLABELED
cy129PA_CD45pos_S84	MACROPHAGE	MACROPHAGE	MACROPHAGE	MACROPHAGE	MACROPHAGE	MACROPHAGE	MACROPHAGE	MACROPHAGE	MACROPHAGE	MACROPHAGE	MACROPHAGE	MACROPHAGE	MACROPHAGE	MACROPHAGE	MACROPHAGE	MACROPHAGE	MACROPHAGE	MACROPHAGE	MACROPHAGE	UNLABELED
cy102_CD45pos_S232	MACROPHAGE	MACROPHAGE	MACROPHAGE	MACROPHAGE	MACROPHAGE	MACROPHAGE	MACROPHAGE	MACROPHAGE	MACROPHAGE	MACROPHAGE	MACROPHAGE	MACROPHAGE	MACROPHAGE	MACROPHAGE	MACROPHAGE	MACROPHAGE	MACROPHAGE	MACROPHAGE	MACROPHAGE	UNLABELED
CY89A_Core_15_F10_S70_comb	MACROPHAGE	MACROPHAGE	MACROPHAGE	MACROPHAGE	MACROPHAGE	MACROPHAGE	MACROPHAGE	MACROPHAGE	MACROPHAGE	MACROPHAGE	MACROPHAGE	MACROPHAGE	MACROPHAGE	MACROPHAGE	MACROPHAGE	MACROPHAGE	MACROPHAGE	MACROPHAGE	MACROPHAGE	UNLABELED
cy98_CD45pos_2_S339	MACROPHAGE	MACROPHAGE	MACROPHAGE	MACROPHAGE	MACROPHAGE	MACROPHAGE	MACROPHAGE	MACROPHAGE	MACROPHAGE	MACROPHAGE	MACROPHAGE	MACROPHAGE	MACROPHAGE	MACROPHAGE	MACROPHAGE	MACROPHAGE	MACROPHAGE	MACROPHAGE	MACROPHAGE	UNLABELED
cy129PB_CD45pos_S284	MACROPHAGE	MACROPHAGE	UNLABELED	MACROPHAGE	T.CD8	UNLABELED	T.CD8	CAF	MACROPHAGE	MACROPHAGE	T.CD8	MACROPHAGE	MACROPHAGE	MACROPHAGE	BCELL	MACROPHAGE	MACROPHAGE	MACROPHAGE	MACROPHAGE	UNLABELED
CY89A_Core_15_G09_S81_comb	MACROPHAGE	MACROPHAGE	MACROPHAGE	MACROPHAGE	MACROPHAGE	MACROPHAGE	T.CD8	MACROPHAGE	MACROPHAGE	MACROPHAGE	MACROPHAGE	MACROPHAGE	MACROPHAGE	MACROPHAGE	T.CD8	MACROPHAGE	MACROPHAGE	MACROPHAGE	MACROPHAGE	UNLABELED
cy80_CD_90_pos_B06_S882_comb	CAF	CAF	CAF	CAF	CAF	CAF	CAF	CAF	CAF	CAF	CAF	CAF	CAF	CAF	T.CD8	UNLABELED	TUMOR	CAF	CAF	UNLABELED
cy78_CD45_neg_3_G01_S745_comb	CAF	CAF	UNLABELED	CAF	CAF	UNLABELED	CAF	CAF	CAF	CAF	ENDO.	CAF	CAF	CAF	CAF	UNLABELED	ENDO.	CAF	CAF	UNLABELED
cy80_CD_90_pos_F09_S933_comb	CAF	CAF	UNLABELED	CAF	T.CD8	UNLABELED	T.CD8	CAF	CAF	CAF	CAF	CAF	CAF	CAF	TUMOR	UNLABELED	CAF	CAF	CAF	UNLABELED
cy75_1B_CORE_CD45neg_S132	CAF	CAF	CAF	CAF	CAF	CAF	CAF	CAF	CAF	CAF	CAF	CAF	CAF	CAF	ENDO.	CAF	UNLABELED	CAF	CAF	UNLABELED
cy79_p3_CD45_neg_PDL1_neg_E09_S249_comb	CAF	CAF	CAF	CAF	CAF	CAF	CAF	CAF	CAF	CAF	CAF	UNLABELED	CAF	CAF	UNLABELED	UNLABELED	ENDO.	CAF	CAF	UNLABELED
cy94_cd45neg_cd90pos_E12_S348_comb	CAF	ENDO.	UNLABELED	ENDO.	ENDO.	ENDO.	CAF	TUMOR	ENDO.	ENDO.	TUMOR	TCELL	ENDO.	ENDO.	TUMOR	UNLABELED	ENDO.	ENDO.	ENDO.	UNLABELED
cy80_CD_90_pos_C02_S890_comb	CAF	CAF	CAF	CAF	CAF	CAF	CAF	CAF	CAF	CAF	CAF	CAF	CAF	CAF	T.CD8	UNLABELED	CAF	CAF	CAF	UNLABELED
cy75_1B_CORE_CD45neg_S170	CAF	CAF	CAF	CAF	CAF	CAF	CAF	CAF	CAF	CAF	CAF	CAF	CAF	CAF	UNLABELED	CAF	CAF	CAF	CAF	CAF
cy105_CD45neg_calceinpos_S118	CAF	CAF	UNLABELED	CAF	T.CD4	UNLABELED	TCELL	CAF	CAF	CAF	CAF	CAF	CAF	CAF	TUMOR	UNLABELED	UNLABELED	TCELL	CAF	UNLABELED
cy80_CD_90_pos_G06_S942_comb	CAF	CAF	CAF	CAF	CAF	CAF	TUMOR	CAF	CAF	CAF	CAF	CAF	CAF	CAF	T.CD8	UNLABELED	CAF	CAF	CAF	UNLABELED
cy80_CD45_neg_E12_S924_comb	ENDO.	ENDO.	ENDO.	ENDO.	CAF	CAF	ENDO.	TUMOR	ENDO.	ENDO.	ENDO.	ENDO.	ENDO.	ENDO.	TUMOR	UNLABELED	ENDO.	ENDO.	ENDO.	UNLABELED
cy53_1_CD45_neg_E02_S338_comb	ENDO.	ENDO.	ENDO.	ENDO.	ENDO.	ENDO.	T.CD8	ENDO.	ENDO.	ENDO.	ENDO.	ENDO.	ENDO.	ENDO.	TUMOR	UNLABELED	ENDO.	ENDO.	ENDO.	UNLABELED
cy94_cd45neg_cd90pos_F04_S352_comb	ENDO.	ENDO.	ENDO.	ENDO.	ENDO.	ENDO.	ENDO.	ENDO.	ENDO.	ENDO.	ENDO.	ENDO.	ENDO.	ENDO.	TUMOR	UNLABELED	ENDO.	ENDO.	ENDO.	UNLABELED
cy53_1_CD45_neg_C04_S316_comb	ENDO.	ENDO.	ENDO.	ENDO.	ENDO.	ENDO.	ENDO.	ENDO.	ENDO.	ENDO.	ENDO.	ENDO.	ENDO.	ENDO.	TUMOR	ENDO.	ENDO.	ENDO.	ENDO.	UNLABELED
cy105_Zombineg_CD45neg_CD90neg_S132	ENDO.	ENDO.	ENDO.	ENDO.	ENDO.	ENDO.	ENDO.	ENDO.	ENDO.	ENDO.	ENDO.	ENDO.	ENDO.	ENDO.	CAF	ENDO.	UNLABELED	ENDO.	ENDO.	UNLABELED
CY89NEG_C11_S35_comb	ENDO.	ENDO.	ENDO.	ENDO.	ENDO.	ENDO.	ENDO.	ENDO.	ENDO.	ENDO.	ENDO.	ENDO.	ENDO.	ENDO.	CAF	ENDO.	ENDO.	ENDO.	ENDO.	UNLABELED
Cy80_II_CD45_B04_S880_comb	ENDO.	ENDO.	ENDO.	ENDO.	ENDO.	ENDO.	ENDO.	ENDO.	ENDO.	ENDO.	ENDO.	ENDO.	ENDO.	ENDO.	CAF	UNLABELED	ENDO.	ENDO.	ENDO.	UNLABELED
cy105_Zombineg_CD45neg_CD90neg_S150	ENDO.	ENDO.	ENDO.	ENDO.	ENDO.	ENDO.	ENDO.	ENDO.	ENDO.	ENDO.	ENDO.	ENDO.	ENDO.	ENDO.	CAF	ENDO.	ENDO.	ENDO.	ENDO.	UNLABELED
Cy80_II_CD45_C03_S891_comb	ENDO.	ENDO.	ENDO.	ENDO.	ENDO.	UNLABELED	ENDO.	CAF	ENDO.	ENDO.	CAF	ENDO.	ENDO.	ENDO.	CAF	ENDO.	UNLABELED	ENDO.	ENDO.	UNLABELED
cy79_p3_CD45_neg_PD1_pos_AS_C3_R1_C07_S319_comb	ENDO.	ENDO.	ENDO.	ENDO.	ENDO.	ENDO.	ENDO.	ENDO.	ENDO.	ENDO.	ENDO.	ENDO.	ENDO.	ENDO.	TUMOR	ENDO.	ENDO.	ENDO.	ENDO.	UNLABELED
cy60_1_cd_45_pos_3_A07_S295_comb	NK	NK	UNLABELED	NK	NK	UNLABELED	T.CD8	CAF	NK	NK	NK	NK	NK	NK	NK	UNLABELED	UNLABELED	NK	NK	UNLABELED
cy53_1_CD45_pos_2_A04_S964_comb	NK	NK	NK	NK	T.CD8	UNLABELED	NK	NK	NK	NK	T.CD8	NK	NK	NK	NK	UNLABELED	UNLABELED	NK	NK	UNLABELED
cy60_1_cd_45_pos_4_C11_S35_comb	NK	NK	UNLABELED	T.CD8	T.CD8	UNLABELED	NK	CAF	NK	NK	TCELL	NK	NK	NK	BCELL	UNLABELED	UNLABELED	NK	NK	UNLABELED
CY84_PRIM_POS_ALL_7_E07_S247_comb	NK	NK	UNLABELED	NK	T.CD8	T.CD8	T.CD8	CAF	T.CD8	NK	TCELL	NK	NK	NK	NK	UNLABELED	UNLABELED	NK	NK	UNLABELED
Cy81_FNA_CD45_F05_S257_comb	NK	T.CD4	UNLABELED	TCELL	T.CD4	T.CD4	T.CD4	CAF	NK	NK	TCELL	UNLABELED	TCELL	T.CD4	BCELL	UNLABELED	UNLABELED	T.CD4	TCELL	UNLABELED
cy53_1_CD45_pos_1_A08_S8_comb	NK	NK	NK	NK	T.CD4	UNLABELED	NK	NK	NK	NK	NK	NK	NK	NK	NK	UNLABELED	UNLABELED	NK	NK	UNLABELED
cy74_CD45_pos_E10_S730_comb	NK	T.CD8	UNLABELED	T.CD8	T.CD8	UNLABELED	T.CD8	CAF	NK	NK	T.CD8	UNLABELED	NK	UNLABELED	TUMOR	UNLABELED	T.CD8	T.CD4	TCELL	UNLABELED
MGH00478_CD45pos_1_S274	NK	T.CD8	UNLABELED	NK	T.CD4	UNLABELED	NK	T.CD8	NK	NK	NK	NK	NK	NK	NK	UNLABELED	T.CD8	NK	NK	UNLABELED
CY94CD45POS_1_E04_S148_comb	NK	NK	UNLABELED	NK	T.CD4	UNLABELED	TCELL	T.CD8	NK	NK	TCELL	NK	NK	UNLABELED	NK	UNLABELED	UNLABELED	NK	NK	UNLABELED
cy53_1_CD45_pos_2_G09_S1041_comb	NK	NK	UNLABELED	NK	T.CD8	T.CD8	NK	CAF	NK	NK	NK	NK	NK	NK	NK	UNLABELED	UNLABELED	NK	NK	UNLABELED
cy110_CD45neg_CD90neg_S205	TUMOR	TUMOR	TUMOR	TUMOR	TUMOR	TUMOR	TUMOR	CAF	TUMOR	TUMOR	TUMOR	UNLABELED	TUMOR	TUMOR	UNLABELED	UNLABELED	TUMOR	TUMOR	TUMOR	UNLABELED
cy106_CD45neg_S375	TUMOR	TUMOR	TUMOR	TUMOR	TUMOR	TUMOR	TUMOR	TUMOR	TUMOR	TUMOR	TUMOR	UNLABELED	TUMOR	TUMOR	UNLABELED	UNLABELED	TUMOR	TUMOR	TUMOR	UNLABELED
cy110_CD45neg_CD90neg_S248	TUMOR	TUMOR	TUMOR	TUMOR	TUMOR	TUMOR	TUMOR	CAF	TUMOR	TUMOR	TUMOR	UNLABELED	CAF	TUMOR	UNLABELED	UNLABELED	TUMOR	TUMOR	TUMOR	UNLABELED
Cy80_II_CD45_B01_S877_comb	TUMOR	TUMOR	TUMOR	TUMOR	TUMOR	TUMOR	TUMOR	TUMOR	TUMOR	TUMOR	TUMOR	TUMOR	TUMOR	TUMOR	UNLABELED	UNLABELED	TUMOR	TUMOR	TUMOR	UNLABELED
cy81_Bulk_CD45_neg_D10_S142_comb	TUMOR	CAF	UNLABELED	TUMOR	TUMOR	TUMOR	TUMOR	CAF	CAF	CAF	TUMOR	UNLABELED	CAF	UNLABELED	TCELL	UNLABELED	TUMOR	TUMOR	TUMOR	UNLABELED
cy78_CD45_neg_3_B08_S692_comb	TUMOR	TUMOR	TUMOR	TUMOR	TUMOR	TUMOR	TUMOR	TUMOR	TUMOR	TUMOR	TUMOR	TUMOR	TUMOR	TUMOR	UNLABELED	TUMOR	TUMOR	TUMOR	TUMOR	UNLABELED
cy128_CD45neg_S283	TUMOR	TUMOR	TUMOR	TUMOR	TUMOR	TUMOR	TUMOR	TUMOR	TUMOR	TUMOR	TUMOR	TUMOR	TUMOR	TUMOR	UNLABELED	TUMOR	TUMOR	TUMOR	TUMOR	UNLABELED
cy103_CD45neg_CD90neg_S157	TUMOR	TUMOR	UNLABELED	TUMOR	TUMOR	TUMOR	TUMOR	CAF	TUMOR	TUMOR	TUMOR	TUMOR	TUMOR	TUMOR	UNLABELED	UNLABELED	TUMOR	TUMOR	TUMOR	UNLABELED
cy79_p5_CD45_neg_PDL1_neg_H07_S859_comb	TUMOR	TUMOR	TUMOR	TUMOR	TUMOR	TUMOR	TUMOR	TUMOR	TUMOR	TUMOR	TUMOR	TUMOR	TUMOR	TUMOR	UNLABELED	TUMOR	TUMOR	TUMOR	TUMOR	UNLABELED
CY88_5_H01_S757_comb	TUMOR	TUMOR	TUMOR	TUMOR	TUMOR	TUMOR	TUMOR	TUMOR	TUMOR	TUMOR	TUMOR	TUMOR	TUMOR	TUMOR	UNLABELED	UNLABELED	TUMOR	TUMOR	TUMOR	UNLABELED
cy79_p3_CD45_pos_PD1_pos_AS_C2_R1_A08_S392_comb	T.CD8	T.CD8	UNLABELED	T.CD8	T.CD8	UNLABELED	NK	CAF	T.CD8	T.CD8	T.CD8	T.CD8	T.CD8	T.CD8	T.CD8	T.CD8	UNLABELED	TCELL	T.CD8	UNLABELED
MGH00478_CD45pos_2_S313	T.CD8	T.CD8	UNLABELED	T.CD8	T.CD8	T.CD8	T.CD8	T.CD8	T.CD8	T.CD8	T.CD8	T.CD8	T.CD8	T.CD8	TCELL	UNLABELED	T.CD8	T.CD8	T.CD8	UNLABELED
Merck_CD45pos_pl4_S70	T.CD8	T.CD8	UNLABELED	NK	T.CD8	T.CD8	TCELL	T.CD8	T.CD8	T.CD8	TCELL	UNLABELED	T.CD8	T.CD8	T.CD4	UNLABELED	T.CD8	T.CD8	T.CD8	UNLABELED
cy129PA_CD45pos_S94	T.CD8	T.CD8	UNLABELED	T.CD8	T.CD8	UNLABELED	NK	CAF	T.CD8	T.CD8	BCELL	T.CD8	NK	T.CD8	T.CD8	UNLABELED	UNLABELED	TCELL	T.CD8	UNLABELED
cy74_CD45_pos_D06_S714_comb	T.CD8	T.CD8	UNLABELED	T.CD8	T.CD8	T.CD8	NK	CAF	T.CD8	T.CD8	T.CD8	T.CD8	T.CD8	T.CD8	TUMOR	UNLABELED	T.CD8	T.CD8	T.CD8	UNLABELED
cy74_CD45_pos_C10_S706_comb	T.CD8	T.CD8	UNLABELED	T.CD8	T.CD8	T.CD8	T.CD8	CAF	T.CD8	T.CD8	T.CD8	T.CD8	T.CD8	T.CD8	T.CD8	UNLABELED	T.CD8	T.CD8	T.CD8	UNLABELED
Merck_CD45pos_pl4_S2	T.CD8	T.CD8	UNLABELED	NK	T.CD8	UNLABELED	NK	CAF	T.CD8	T.CD8	T.CD4	UNLABELED	NK	T.CD8	NK	UNLABELED	UNLABELED	T.CD8	T.CD8	UNLABELED
CY89A_Core_15_A11_S11_comb	T.CD8	T.CD8	UNLABELED	T.CD8	T.CD8	UNLABELED	NK	CAF	TCELL	T.CD8	T.CD8	T.CD8	T.CD8	T.CD8	TUMOR	UNLABELED	UNLABELED	T.CD8	T.CD8	UNLABELED
cy98_CD45pos_CD8pos_S56	T.CD8	T.CD8	T.CD8	T.CD8	T.CD8	T.CD8	T.CD8	T.CD8	T.CD8	T.CD8	MACROPHAGE	T.CD8	T.CD8	T.CD8	TCELL	UNLABELED	T.CD8	T.CD8	T.CD8	UNLABELED
CY75_1_CD45_CD8_8__S337_comb_BCD8	T.CD8	T.CD8	UNLABELED	T.CD8	T.CD8	T.CD8	T.CD8	NK	T.CD8	T.CD8	T.CD8	T.CD8	T.CD8	T.CD8	NK	UNLABELED	T.CD8	T.CD8	T.CD8	UNLABELED
cy60_1_cd_45_pos_3_B07_S307_comb	T.CD4	T.CD4	UNLABELED	T.CD4	T.CD4	UNLABELED	T.CD4	T.CD4	T.CD4	T.CD4	T.CD8	T.CD4	T.CD4	T.CD4	T.CD8	UNLABELED	T.CD8	TCELL	T.CD4	UNLABELED
cy94_cd45pos_4_C01_S25_comb	T.CD4	T.CD4	UNLABELED	T.CD4	TCELL	UNLABELED	TCELL	T.CD4	T.CD4	T.CD4	TCELL	T.CD4	T.CD4	T.CD4	T.CD4	UNLABELED	TCELL	TCELL	T.CD4	UNLABELED
MGH00478_CD45pos_1_S260	T.CD4	T.CD4	UNLABELED	T.CD4	T.CD4	T.CD4	TCELL	T.CD4	TCELL	T.CD4	T.CD4	T.CD4	T.CD4	T.CD4	TCELL	UNLABELED	UNLABELED	TCELL	T.CD4	UNLABELED
cy79_p4_CD45_neg_PDL1_neg_D09_S1101_comb	T.CD4	T.CD4	UNLABELED	T.CD4	T.CD4	T.CD4	T.CD4	TCELL	T.CD4	T.CD4	T.CD4	UNLABELED	T.CD4	T.CD4	NK	UNLABELED	T.CD4	T.CD4	T.CD4	UNLABELED
cy04.3_CD45pos_S81	T.CD4	TCELL	UNLABELED	T.CD4	T.CD4	T.CD4	TCELL	T.CD4	TCELL	T.CD4	NK	T.CD4	TCELL	T.CD4	T.CD8	UNLABELED	UNLABELED	TCELL	TCELL	UNLABELED
CY89A_CD45_POS_10_B02_S206_comb	T.CD4	T.CD4	UNLABELED	T.CD4	T.CD4	UNLABELED	NK	CAF	TCELL	T.CD4	T.CD4	T.CD4	TCELL	T.CD4	NK	UNLABELED	UNLABELED	TCELL	T.CD4	UNLABELED
CY88CD45_150813_B09_S309_comb	T.CD4	TCELL	UNLABELED	TCELL	T.CD4	T.CD4	T.CD4	T.CD4	TCELL	T.CD4	T.CD4	T.CD4	TCELL	T.CD4	T.CD8	UNLABELED	UNLABELED	TCELL	TCELL	UNLABELED
cy98_CD45pos_2_S376	T.CD4	T.CD8	UNLABELED	T.CD4	TCELL	TCELL	TCELL	T.CD8	TCELL	T.CD4	MACROPHAGE	T.CD4	T.CD4	TCELL	T.CD8	UNLABELED	UNLABELED	TCELL	TCELL	UNLABELED
cy105_CD45pos_calceinpos_S77	T.CD4	T.CD4	UNLABELED	T.CD4	T.CD4	T.CD4	T.CD4	T.CD4	T.CD4	T.CD4	T.CD8	T.CD4	T.CD4	UNLABELED	T.CD8	UNLABELED	UNLABELED	TCELL	TCELL	UNLABELED
cy105_CD45pos_calceinpos_S1	T.CD4	T.CD4	UNLABELED	T.CD4	T.CD4	UNLABELED	TCELL	T.CD4	TCELL	T.CD4	TCELL	T.CD4	T.CD4	TCELL	T.CD8	UNLABELED	UNLABELED	T.CD4	T.CD4	UNLABELED
cy94_cd45pos_4_G03_S75_comb	BCELL	BCELL	BCELL	BCELL	BCELL	BCELL	BCELL	BCELL	BCELL	BCELL	BCELL	BCELL	BCELL	BCELL	BCELL	UNLABELED	UNLABELED	BCELL	BCELL	UNLABELED
CY89COREQ1_C08_S320_comb	BCELL	BCELL	BCELL	BCELL	BCELL	BCELL	BCELL	BCELL	BCELL	BCELL	BCELL	BCELL	BCELL	BCELL	NK	BCELL	BCELL	BCELL	BCELL	UNLABELED
cy105_CD45pos_S206	BCELL	BCELL	BCELL	BCELL	BCELL	BCELL	BCELL	BCELL	BCELL	BCELL	BCELL	BCELL	BCELL	BCELL	BCELL	UNLABELED	UNLABELED	BCELL	BCELL	UNLABELED
cy106_CD45pos_S210	BCELL	BCELL	BCELL	BCELL	BCELL	BCELL	BCELL	BCELL	BCELL	BCELL	BCELL	BCELL	BCELL	BCELL	BCELL	BCELL	UNLABELED	BCELL	BCELL	UNLABELED
cy60_1_cd_45_pos_3_H07_S379_comb	BCELL	BCELL	UNLABELED	BCELL	BCELL	BCELL	BCELL	CAF	BCELL	BCELL	BCELL	BCELL	BCELL	BCELL	T.CD8	BCELL	UNLABELED	BCELL	BCELL	UNLABELED
cy84_Primary_CD45_pos_G02_S458_comb	BCELL	BCELL	BCELL	BCELL	BCELL	BCELL	BCELL	BCELL	BCELL	BCELL	BCELL	BCELL	BCELL	BCELL	BCELL	BCELL	UNLABELED	BCELL	BCELL	UNLABELED
cy103_CD45pos_S128	BCELL	BCELL	BCELL	BCELL	BCELL	BCELL	BCELL	BCELL	BCELL	BCELL	BCELL	BCELL	BCELL	BCELL	BCELL	UNLABELED	UNLABELED	BCELL	BCELL	UNLABELED
cy116_CD45pos_S316	BCELL	BCELL	BCELL	BCELL	BCELL	BCELL	BCELL	BCELL	BCELL	BCELL	BCELL	BCELL	BCELL	BCELL	TCELL	UNLABELED	UNLABELED	BCELL	BCELL	UNLABELED
cy112_CD45pos_S88	BCELL	BCELL	BCELL	BCELL	BCELL	BCELL	BCELL	BCELL	BCELL	BCELL	BCELL	BCELL	BCELL	BCELL	BCELL	BCELL	UNLABELED	BCELL	BCELL	UNLABELED
cy80_CD45_pos_PD1_pos_D11_S143_comb	BCELL	ENDO.	ENDO.	ENDO.	ENDO.	ENDO.	ENDO.	TUMOR	ENDO.	ENDO.	MACROPHAGE	ENDO.	ENDO.	ENDO.	TUMOR	UNLABELED	UNLABELED	ENDO.	ENDO.	UNLABELED
cy94_cd45pos_A05_S101_comb	TCELL	T.CD4	UNLABELED	T.CD4	T.CD4	T.CD4	T.CD4	TCELL	T.CD4	TCELL	T.CD4	T.CD4	TCELL	TCELL	NK	UNLABELED	UNLABELED	TCELL	T.CD4	UNLABELED
cy79_p3_CD45_pos_PD1_neg_F12_S168_comb	TCELL	T.CD4	UNLABELED	T.CD4	T.CD4	T.CD4	NK	CAF	T.CD4	TCELL	T.CD4	T.CD4	TCELL	TCELL	NK	UNLABELED	UNLABELED	TCELL	T.CD4	UNLABELED
Cy74_CD45_G10_S466_comb	TCELL	T.CD8	UNLABELED	T.CD4	T.CD8	UNLABELED	NK	CAF	TCELL	TCELL	BCELL	UNLABELED	TCELL	TCELL	NK	UNLABELED	UNLABELED	TCELL	T.CD8	UNLABELED
cy80_CD45_pos_PD1_pos_C01_S121_comb	TCELL	NK	UNLABELED	T.CD8	T.CD4	UNLABELED	NK	NK	TCELL	NK	T.CD8	UNLABELED	NK	NK	T.CD8	UNLABELED	T.CD8	TCELL	T.CD8	UNLABELED
cy79_p1_CD45_pos_PD1_pos_AS_C5_R1_B09_S213_comb	TCELL	TCELL	UNLABELED	T.CD4	T.CD4	UNLABELED	NK	CAF	TCELL	TCELL	T.CD4	T.CD4	TCELL	TCELL	TUMOR	UNLABELED	UNLABELED	TCELL	T.CD8	UNLABELED
cy75_1CORE_CD45pos_S87	TCELL	TCELL	UNLABELED	T.CD4	T.CD4	UNLABELED	TCELL	NK	TCELL	TCELL	NK	T.CD4	TCELL	TCELL	T.CD8	UNLABELED	UNLABELED	TCELL	T.CD4	UNLABELED
cy80_Cd45_pos_Pd1_neg_S362_H02_S362_comb	TCELL	T.CD4	UNLABELED	T.CD4	T.CD4	UNLABELED	NK	CAF	TCELL	TCELL	T.CD4	T.CD4	TCELL	TCELL	TUMOR	T.CD4	TCELL	TCELL	T.CD4	UNLABELED
cy94_cd45pos_4_H09_S93_comb	TCELL	T.CD4	UNLABELED	TCELL	T.CD4	T.CD4	TCELL	TCELL	BCELL	TCELL	T.CD4	T.CD4	TCELL	T.CD4	NK	UNLABELED	UNLABELED	TCELL	T.CD4	UNLABELED
CY88CD45_150813_C09_S321_comb	TCELL	T.CD8	UNLABELED	T.CD8	T.CD8	T.CD8	T.CD8	T.CD8	T.CD8	T.CD8	T.CD4	T.CD8	T.CD8	T.CD8	TCELL	UNLABELED	T.CD8	T.CD8	TCELL	UNLABELED
cy121.1_CD45pos_S324	TCELL	TCELL	UNLABELED	BCELL	TCELL	UNLABELED	TCELL	TCELL	TCELL	TCELL	TCELL	BCELL	TCELL	TCELL	TCELL	UNLABELED	UNLABELED	TCELL	TCELL	UNLABELED
cy110_CD45pos_S248	MACROPHAGE	MACROPHAGE	MACROPHAGE	MACROPHAGE	MACROPHAGE	MACROPHAGE	MACROPHAGE	MACROPHAGE	MACROPHAGE	MACROPHAGE	MACROPHAGE	MACROPHAGE	MACROPHAGE	MACROPHAGE	MACROPHAGE	MACROPHAGE	MACROPHAGE	MACROPHAGE	MACROPHAGE	MACROPHAGE
cy110_CD45pos_S309	MACROPHAGE	MACROPHAGE	MACROPHAGE	MACROPHAGE	MACROPHAGE	MACROPHAGE	MACROPHAGE	MACROPHAGE	MACROPHAGE	MACROPHAGE	MACROPHAGE	MACROPHAGE	MACROPHAGE	MACROPHAGE	MACROPHAGE	MACROPHAGE	MACROPHAGE	MACROPHAGE	MACROPHAGE	UNLABELED
CY88CD45POS_2_H09_S477_comb	MACROPHAGE	MACROPHAGE	MACROPHAGE	MACROPHAGE	MACROPHAGE	MACROPHAGE	MACROPHAGE	MACROPHAGE	MACROPHAGE	MACROPHAGE	MACROPHAGE	MACROPHAGE	MACROPHAGE	MACROPHAGE	MACROPHAGE	MACROPHAGE	MACROPHAGE	MACROPHAGE	MACROPHAGE	MACROPHAGE
cy129PA_CD45pos_S18	MACROPHAGE	MACROPHAGE	MACROPHAGE	MACROPHAGE	MACROPHAGE	MACROPHAGE	MACROPHAGE	MACROPHAGE	MACROPHAGE	MACROPHAGE	MACROPHAGE	MACROPHAGE	MACROPHAGE	MACROPHAGE	MACROPHAGE	MACROPHAGE	MACROPHAGE	MACROPHAGE	MACROPHAGE	UNLABELED
cy129PB_CD45pos_S207	MACROPHAGE	MACROPHAGE	MACROPHAGE	MACROPHAGE	MACROPHAGE	MACROPHAGE	MACROPHAGE	MACROPHAGE	MACROPHAGE	MACROPHAGE	MACROPHAGE	MACROPHAGE	MACROPHAGE	MACROPHAGE	MACROPHAGE	MACROPHAGE	MACROPHAGE	MACROPHAGE	MACROPHAGE	MACROPHAGE
cy121.1_CD45pos_S367	MACROPHAGE	MACROPHAGE	MACROPHAGE	MACROPHAGE	MACROPHAGE	MACROPHAGE	MACROPHAGE	MACROPHAGE	MACROPHAGE	MACROPHAGE	MACROPHAGE	MACROPHAGE	MACROPHAGE	MACROPHAGE	MACROPHAGE	MACROPHAGE	MACROPHAGE	MACROPHAGE	MACROPHAGE	UNLABELED
cy53_1_CD45_pos_2_B12_S984_comb	MACROPHAGE	MACROPHAGE	MACROPHAGE	MACROPHAGE	MACROPHAGE	MACROPHAGE	MACROPHAGE	MACROPHAGE	MACROPHAGE	MACROPHAGE	MACROPHAGE	MACROPHAGE	MACROPHAGE	MACROPHAGE	MACROPHAGE	MACROPHAGE	MACROPHAGE	MACROPHAGE	MACROPHAGE	UNLABELED
cy102_CD45pos_S148	MACROPHAGE	BCELL	UNLABELED	T.CD4	BCELL	UNLABELED	BCELL	CAF	BCELL	UNLABELED	T.CD8	BCELL	T.CD4	UNLABELED	TUMOR	UNLABELED	UNLABELED	MACROPHAGE	TCELL	UNLABELED
Cy74_CD45_C07_S415_comb	MACROPHAGE	MACROPHAGE	MACROPHAGE	MACROPHAGE	MACROPHAGE	UNLABELED	NK	CAF	MACROPHAGE	MACROPHAGE	MACROPHAGE	MACROPHAGE	MACROPHAGE	UNLABELED	TUMOR	MACROPHAGE	MACROPHAGE	MACROPHAGE	MACROPHAGE	UNLABELED
cy110_CD45pos_S375	MACROPHAGE	MACROPHAGE	MACROPHAGE	MACROPHAGE	MACROPHAGE	MACROPHAGE	MACROPHAGE	MACROPHAGE	MACROPHAGE	MACROPHAGE	MACROPHAGE	MACROPHAGE	MACROPHAGE	MACROPHAGE	MACROPHAGE	MACROPHAGE	MACROPHAGE	MACROPHAGE	MACROPHAGE	UNLABELED
cy80_CD_90_pos_C04_S892_comb	CAF	CAF	CAF	CAF	CAF	CAF	CAF	CAF	CAF	CAF	CAF	CAF	CAF	CAF	UNLABELED	CAF	CAF	CAF	CAF	UNLABELED
cy105_Zombineg_CD45neg_CD90neg_S158	CAF	CAF	UNLABELED	CAF	TUMOR	UNLABELED	TCELL	TUMOR	CAF	CAF	ENDO.	UNLABELED	CAF	CAF	UNLABELED	UNLABELED	ENDO.	CAF	CAF	UNLABELED
cy94_cd45neg_cd90pos_C10_S322_comb	CAF	CAF	UNLABELED	CAF	CAF	CAF	NK	CAF	CAF	CAF	CAF	CAF	CAF	CAF	TUMOR	UNLABELED	UNLABELED	CAF	CAF	UNLABELED
cy80_CD_90_pos_F03_S927_comb	CAF	CAF	UNLABELED	CAF	NK	UNLABELED	NK	CAF	CAF	UNLABELED	ENDO.	UNLABELED	TUMOR	CAF	TUMOR	CAF	UNLABELED	CAF	TCELL	UNLABELED
cy129PA_CD45neg_CD90neg_S132	CAF	CAF	UNLABELED	CAF	T.CD4	UNLABELED	NK	CAF	TCELL	TCELL	CAF	UNLABELED	TCELL	CAF	TUMOR	UNLABELED	UNLABELED	TCELL	TCELL	UNLABELED
cy112_CD45neg_CD90neg_S337	CAF	CAF	UNLABELED	CAF	TUMOR	TUMOR	NK	CAF	CAF	CAF	CAF	CAF	CAF	CAF	UNLABELED	UNLABELED	UNLABELED	TUMOR	CAF	UNLABELED
cy106_CD45neg_S347	CAF	CAF	UNLABELED	CAF	T.CD4	UNLABELED	NK	CAF	TUMOR	CAF	TUMOR	UNLABELED	CAF	CAF	UNLABELED	UNLABELED	UNLABELED	TCELL	TUMOR	UNLABELED
cy112_CD45neg_CD90neg_S132	CAF	CAF	UNLABELED	CAF	TUMOR	TUMOR	TUMOR	CAF	TUMOR	CAF	CAF	CAF	CAF	CAF	UNLABELED	UNLABELED	UNLABELED	TUMOR	CAF	UNLABELED
cy80_CD_90_pos_F07_S931_comb	CAF	CAF	CAF	CAF	CAF	CAF	CAF	CAF	CAF	CAF	CAF	CAF	CAF	CAF	UNLABELED	CAF	CAF	CAF	CAF	CAF
cy112_CD45neg_CD90neg_S143	CAF	CAF	CAF	CAF	TUMOR	UNLABELED	TUMOR	TUMOR	CAF	CAF	TUMOR	UNLABELED	TUMOR	CAF	UNLABELED	TUMOR	TUMOR	TUMOR	CAF	UNLABELED
Cy81_Bulk_CD45_F10_S166_comb	ENDO.	ENDO.	ENDO.	ENDO.	ENDO.	ENDO.	ENDO.	ENDO.	ENDO.	ENDO.	ENDO.	ENDO.	ENDO.	ENDO.	TUMOR	ENDO.	ENDO.	ENDO.	ENDO.	UNLABELED
cy75_1B_CORE_CD45neg_S115	ENDO.	ENDO.	ENDO.	ENDO.	ENDO.	ENDO.	ENDO.	ENDO.	ENDO.	ENDO.	ENDO.	ENDO.	ENDO.	ENDO.	ENDO.	UNLABELED	ENDO.	ENDO.	ENDO.	UNLABELED
cy105_Zombineg_CD45neg_CD90neg_S104	ENDO.	ENDO.	ENDO.	ENDO.	ENDO.	ENDO.	ENDO.	ENDO.	ENDO.	ENDO.	ENDO.	ENDO.	ENDO.	ENDO.	TUMOR	ENDO.	ENDO.	ENDO.	ENDO.	UNLABELED
cy105_Zombineg_CD45neg_CD90neg_S107	ENDO.	ENDO.	ENDO.	ENDO.	ENDO.	ENDO.	ENDO.	CAF	ENDO.	ENDO.	ENDO.	ENDO.	ENDO.	ENDO.	TUMOR	UNLABELED	ENDO.	ENDO.	ENDO.	UNLABELED
cy94_cd45neg_cd90pos_H04_S376_comb	ENDO.	ENDO.	UNLABELED	ENDO.	ENDO.	ENDO.	ENDO.	CAF	ENDO.	ENDO.	ENDO.	ENDO.	ENDO.	ENDO.	TCELL	ENDO.	ENDO.	ENDO.	ENDO.	UNLABELED
cy53_1_CD45_neg_E03_S339_comb	ENDO.	ENDO.	UNLABELED	ENDO.	T.CD8	UNLABELED	NK	CAF	ENDO.	ENDO.	ENDO.	ENDO.	ENDO.	ENDO.	TUMOR	ENDO.	ENDO.	ENDO.	ENDO.	UNLABELED
cy80_CD45_neg_C06_S894_comb	ENDO.	ENDO.	UNLABELED	ENDO.	ENDO.	ENDO.	ENDO.	CAF	ENDO.	ENDO.	TUMOR	ENDO.	ENDO.	ENDO.	TUMOR	UNLABELED	ENDO.	ENDO.	ENDO.	UNLABELED
cy105_CD45neg_S214	ENDO.	ENDO.	ENDO.	ENDO.	ENDO.	ENDO.	ENDO.	ENDO.	ENDO.	ENDO.	ENDO.	ENDO.	ENDO.	ENDO.	ENDO.	UNLABELED	ENDO.	ENDO.	ENDO.	UNLABELED
cy94_cd45neg_cd90pos_A09_S297_comb	ENDO.	ENDO.	ENDO.	ENDO.	ENDO.	ENDO.	ENDO.	CAF	ENDO.	ENDO.	ENDO.	ENDO.	ENDO.	ENDO.	TUMOR	UNLABELED	UNLABELED	ENDO.	ENDO.	UNLABELED
cy94_cd45neg_cd90pos_A01_S289_comb	ENDO.	ENDO.	ENDO.	ENDO.	ENDO.	ENDO.	ENDO.	ENDO.	ENDO.	ENDO.	ENDO.	ENDO.	ENDO.	ENDO.	TUMOR	ENDO.	ENDO.	ENDO.	ENDO.	UNLABELED
cy60_1_cd_45_pos_3_G01_S361_comb	NK	NK	NK	NK	NK	NK	NK	CAF	NK	NK	NK	NK	NK	NK	T.CD8	UNLABELED	NK	NK	NK	UNLABELED
cy112_CD45pos_S345	NK	NK	NK	NK	NK	UNLABELED	TCELL	NK	NK	NK	T.CD8	NK	NK	NK	T.CD4	UNLABELED	UNLABELED	NK	NK	UNLABELED
cy105_CD45pos_calceinpos_S31	NK	NK	NK	NK	NK	NK	NK	NK	NK	NK	T.CD4	NK	NK	NK	TCELL	UNLABELED	UNLABELED	NK	NK	UNLABELED
cy75_1CORE_CD45pos_S92	NK	NK	NK	NK	NK	UNLABELED	NK	NK	T.CD8	NK	NK	NK	NK	NK	T.CD8	UNLABELED	UNLABELED	NK	NK	UNLABELED
cy60_1_cd_45_pos_3_A03_S291_comb	NK	NK	UNLABELED	NK	NK	UNLABELED	NK	CAF	T.CD8	NK	T.CD4	NK	NK	NK	NK	UNLABELED	UNLABELED	NK	NK	UNLABELED
cy129PB_CD45pos_S203	NK	NK	UNLABELED	NK	NK	UNLABELED	TCELL	TCELL	NK	NK	T.CD4	NK	NK	NK	TCELL	UNLABELED	UNLABELED	TCELL	NK	UNLABELED
cy53_1_CD45_pos_2_B08_S980_comb	NK	NK	UNLABELED	NK	NK	NK	NK	CAF	NK	NK	NK	NK	NK	NK	TUMOR	UNLABELED	UNLABELED	NK	NK	UNLABELED
cy60_1_cd_45_pos_4_B06_S18_comb	NK	NK	UNLABELED	NK	T.CD8	UNLABELED	NK	CAF	NK	NK	NK	NK	TCELL	NK	T.CD8	UNLABELED	UNLABELED	NK	NK	UNLABELED
cy53_1_CD45_pos_1_A09_S9_comb	NK	NK	NK	NK	NK	NK	TCELL	NK	NK	NK	T.CD8	NK	NK	NK	T.CD8	UNLABELED	UNLABELED	NK	NK	UNLABELED
CY75_1_CD45_CD8_7__S194_comb_BCD8	NK	T.CD8	UNLABELED	T.CD8	T.CD8	T.CD8	T.CD8	T.CD8	TCELL	T.CD8	TCELL	T.CD8	T.CD8	T.CD8	NK	UNLABELED	UNLABELED	T.CD8	T.CD8	UNLABELED
cy79_p5_CD45_neg_PDL1_pos_B04_S688_comb	TUMOR	TUMOR	UNLABELED	TUMOR	TUMOR	TUMOR	CAF	TUMOR	TUMOR	TUMOR	TUMOR	TUMOR	CAF	UNLABELED	BCELL	TUMOR	TUMOR	TUMOR	TUMOR	UNLABELED
cy128_CD45neg_S231	TUMOR	TUMOR	UNLABELED	TUMOR	TUMOR	TUMOR	TUMOR	TUMOR	TUMOR	TUMOR	TUMOR	TUMOR	TUMOR	TUMOR	TUMOR	UNLABELED	TUMOR	TUMOR	TUMOR	UNLABELED
cy79_p5_CD45_neg_PDL1_pos_C05_S701_comb	TUMOR	TUMOR	UNLABELED	TUMOR	TUMOR	TUMOR	CAF	TUMOR	TUMOR	TUMOR	TUMOR	TUMOR	TUMOR	TUMOR	BCELL	TUMOR	TUMOR	TUMOR	TUMOR	UNLABELED
CY89NEG_A08_S8_comb	TUMOR	TUMOR	TUMOR	TUMOR	TUMOR	TUMOR	TUMOR	TUMOR	TUMOR	TUMOR	TUMOR	TUMOR	T.CD4	TUMOR	T.CD8	UNLABELED	TUMOR	TUMOR	TUMOR	UNLABELED
CY89NEG_A07_S7_comb	TUMOR	TUMOR	TUMOR	TUMOR	TUMOR	TUMOR	TUMOR	TUMOR	TUMOR	TUMOR	TUMOR	TUMOR	T.CD4	TUMOR	T.CD8	UNLABELED	TUMOR	TUMOR	TUMOR	UNLABELED
Cy80_II_CD45_B12_S888_comb	TUMOR	TUMOR	TUMOR	TUMOR	TUMOR	TUMOR	TUMOR	TUMOR	TUMOR	TUMOR	TUMOR	TUMOR	TUMOR	TUMOR	T.CD8	UNLABELED	TUMOR	TUMOR	TUMOR	UNLABELED
cy78_CD45_neg_1_F08_S548_comb	TUMOR	TUMOR	UNLABELED	TUMOR	TUMOR	TUMOR	NK	CAF	TUMOR	TUMOR	TUMOR	TUMOR	TUMOR	TUMOR	BCELL	TUMOR	TUMOR	TUMOR	TUMOR	UNLABELED
cy79_p1_CD45_neg_PDL1_neg_AS_C4_R1_D08_S140_comb	TUMOR	TUMOR	UNLABELED	TUMOR	TUMOR	TUMOR	NK	CAF	TUMOR	TUMOR	TUMOR	TUMOR	TUMOR	TUMOR	BCELL	TUMOR	TUMOR	TUMOR	TUMOR	UNLABELED
cy79_p5_CD45_neg_PDL1_pos_B12_S696_comb	TUMOR	TUMOR	TUMOR	TUMOR	TUMOR	TUMOR	TUMOR	TUMOR	TUMOR	TUMOR	TUMOR	TUMOR	TUMOR	TUMOR	T.CD8	TUMOR	TUMOR	TUMOR	TUMOR	UNLABELED
cy128_CD45neg_S236	TUMOR	TUMOR	TUMOR	TUMOR	TUMOR	TUMOR	TUMOR	TUMOR	TUMOR	TUMOR	TUMOR	TUMOR	TUMOR	TUMOR	TUMOR	TUMOR	TUMOR	TUMOR	TUMOR	UNLABELED
cy129PA_CD45pos_S11	T.CD8	T.CD8	T.CD8	T.CD8	T.CD8	T.CD8	T.CD8	T.CD8	TCELL	T.CD8	T.CD8	T.CD8	T.CD8	T.CD8	T.CD4	UNLABELED	UNLABELED	T.CD8	T.CD8	UNLABELED
Cy74_CD45_D06_S426_comb	T.CD8	T.CD8	UNLABELED	T.CD8	T.CD8	T.CD8	T.CD8	CAF	T.CD8	NK	NK	T.CD8	T.CD8	T.CD8	T.CD8	UNLABELED	UNLABELED	T.CD8	T.CD8	UNLABELED
CY89COREQ1_D09_S333_comb	T.CD8	T.CD8	UNLABELED	T.CD8	T.CD8	T.CD8	T.CD8	T.CD4	T.CD4	T.CD8	T.CD8	T.CD8	T.CD8	T.CD8	T.CD8	UNLABELED	UNLABELED	T.CD8	T.CD8	UNLABELED
cy79_p5_CD45_pos_PD1_pos_E09_S633_comb	T.CD8	T.CD8	UNLABELED	T.CD8	T.CD8	T.CD8	NK	CAF	T.CD8	T.CD8	T.CD8	T.CD8	T.CD8	T.CD8	T.CD8	UNLABELED	T.CD8	T.CD8	T.CD8	UNLABELED
CY88CD45_150813_E03_S339_comb	T.CD8	TCELL	UNLABELED	T.CD4	T.CD4	T.CD4	TCELL	TCELL	T.CD4	TCELL	T.CD4	T.CD4	T.CD8	T.CD4	TCELL	UNLABELED	UNLABELED	TCELL	T.CD4	UNLABELED
cy80_CD45_pos_PD1_pos_H09_S189_comb	T.CD8	T.CD8	UNLABELED	NK	T.CD8	UNLABELED	NK	CAF	T.CD4	T.CD8	T.CD4	T.CD4	T.CD8	TCELL	BCELL	UNLABELED	UNLABELED	T.CD4	TCELL	UNLABELED
cy79_p4_CD45_pos_PD1_pos_D09_S333_comb	T.CD8	T.CD8	UNLABELED	T.CD8	T.CD8	T.CD8	T.CD8	CAF	TCELL	NK	T.CD8	T.CD8	T.CD8	TCELL	T.CD8	UNLABELED	UNLABELED	TCELL	T.CD8	UNLABELED
cy102_CD45pos_S160	T.CD8	TCELL	UNLABELED	NK	T.CD8	T.CD8	TCELL	BCELL	TCELL	T.CD8	TCELL	TCELL	T.CD8	TCELL	T.CD8	MACROPHAGE	UNLABELED	TCELL	TCELL	UNLABELED
cy58_1_CD45_pos_E06_S630_comb	T.CD8	TCELL	UNLABELED	T.CD4	T.CD4	T.CD4	NK	CAF	TCELL	NK	TCELL	T.CD4	NK	TCELL	T.CD4	UNLABELED	UNLABELED	TCELL	TCELL	UNLABELED
cy75_1CORE_CD45pos_S47	T.CD8	NK	UNLABELED	NK	T.CD4	UNLABELED	TCELL	T.CD8	T.CD8	T.CD8	TCELL	T.CD8	T.CD8	TCELL	T.CD8	UNLABELED	T.CD8	TCELL	T.CD8	UNLABELED
Merck_CD45pos_pl4_S52	T.CD4	T.CD8	UNLABELED	T.CD4	T.CD8	T.CD8	TCELL	T.CD8	TCELL	TCELL	T.CD8	T.CD4	T.CD4	T.CD8	T.CD8	UNLABELED	UNLABELED	T.CD4	TCELL	UNLABELED
cy84_Primary_CD45_pos_D03_S423_comb	T.CD4	NK	UNLABELED	T.CD4	T.CD4	UNLABELED	NK	CAF	T.CD8	T.CD4	T.CD8	UNLABELED	T.CD4	T.CD8	BCELL	UNLABELED	UNLABELED	T.CD4	T.CD4	UNLABELED
cy80_Cd45_pos_PD1_pos_A05_S17_comb	T.CD4	T.CD4	UNLABELED	TCELL	T.CD4	UNLABELED	T.CD4	T.CD4	T.CD4	T.CD4	T.CD4	T.CD4	T.CD4	T.CD4	BCELL	UNLABELED	UNLABELED	T.CD4	T.CD4	UNLABELED
Cy72_CD45_G05_S749_comb	T.CD4	T.CD4	UNLABELED	T.CD4	T.CD4	T.CD4	T.CD4	CAF	T.CD4	T.CD4	TCELL	T.CD4	T.CD4	T.CD4	TCELL	T.CD4	UNLABELED	T.CD4	TCELL	UNLABELED
merck_cd45pos_PL3_S314	T.CD4	T.CD4	UNLABELED	T.CD8	T.CD4	T.CD4	T.CD8	T.CD8	TCELL	T.CD4	T.CD8	T.CD4	T.CD4	T.CD8	TCELL	UNLABELED	UNLABELED	T.CD4	TCELL	UNLABELED
CY89FNA_A02_S194_comb	T.CD4	T.CD4	UNLABELED	T.CD4	T.CD4	T.CD4	T.CD4	NK	T.CD4	T.CD4	T.CD4	T.CD4	T.CD4	T.CD4	TCELL	UNLABELED	UNLABELED	T.CD4	T.CD4	UNLABELED
CY58_1_CD45_F06_S1026_comb	T.CD4	T.CD4	T.CD4	T.CD4	T.CD4	T.CD4	T.CD4	T.CD4	T.CD4	T.CD4	T.CD4	T.CD4	T.CD4	UNLABELED	T.CD8	UNLABELED	UNLABELED	T.CD4	T.CD4	UNLABELED
cy75_1B_CD45pos_S50	T.CD4	T.CD4	UNLABELED	T.CD4	T.CD8	UNLABELED	TCELL	TCELL	TCELL	T.CD4	T.CD4	UNLABELED	T.CD4	T.CD4	NK	UNLABELED	UNLABELED	T.CD4	TCELL	UNLABELED
cy80_CD45_pos_PD1_pos_C06_S126_comb	T.CD4	TCELL	UNLABELED	T.CD4	T.CD4	T.CD4	T.CD4	TCELL	T.CD4	T.CD4	T.CD4	T.CD4	T.CD4	T.CD4	BCELL	UNLABELED	UNLABELED	T.CD4	TCELL	UNLABELED
merck_cd45pos_PL3_S340	T.CD4	T.CD4	UNLABELED	TCELL	T.CD4	T.CD4	TCELL	T.CD8	T.CD4	T.CD4	T.CD8	T.CD4	T.CD4	T.CD4	NK	UNLABELED	UNLABELED	TCELL	TCELL	UNLABELED
CY89A_CD45_POS_6_C04_S124_comb	BCELL	BCELL	BCELL	BCELL	BCELL	BCELL	BCELL	BCELL	BCELL	BCELL	BCELL	BCELL	BCELL	BCELL	T.CD4	BCELL	UNLABELED	BCELL	BCELL	UNLABELED
cy80_Cd45_pos_Pd1_neg_S252_C12_S252_comb	BCELL	BCELL	BCELL	BCELL	BCELL	BCELL	BCELL	BCELL	BCELL	BCELL	BCELL	BCELL	BCELL	BCELL	TCELL	BCELL	BCELL	BCELL	BCELL	UNLABELED
cy112_CD45pos_S70	BCELL	BCELL	BCELL	BCELL	BCELL	BCELL	BCELL	BCELL	BCELL	BCELL	BCELL	BCELL	BCELL	BCELL	NK	MACROPHAGE	BCELL	BCELL	BCELL	UNLABELED
cy60_1_cd_45_pos_HC_pos_HLDAR_pos_E02_S1010_comb	BCELL	BCELL	BCELL	BCELL	BCELL	BCELL	BCELL	CAF	BCELL	BCELL	BCELL	BCELL	BCELL	BCELL	TCELL	UNLABELED	UNLABELED	BCELL	BCELL	UNLABELED
cy116_CD45pos_S351	BCELL	BCELL	BCELL	BCELL	BCELL	BCELL	BCELL	BCELL	BCELL	BCELL	BCELL	BCELL	BCELL	BCELL	TCELL	MACROPHAGE	UNLABELED	BCELL	BCELL	UNLABELED
cy60_1_cd_45_pos_HC_pos_HLDAR_pos_F07_S1027_comb	BCELL	BCELL	UNLABELED	BCELL	BCELL	BCELL	BCELL	CAF	BCELL	BCELL	BCELL	BCELL	BCELL	BCELL	TCELL	BCELL	UNLABELED	BCELL	BCELL	UNLABELED
cy102_CD45pos_S258	BCELL	BCELL	BCELL	BCELL	BCELL	BCELL	BCELL	BCELL	BCELL	BCELL	BCELL	BCELL	BCELL	BCELL	TCELL	UNLABELED	UNLABELED	BCELL	BCELL	UNLABELED
cy80_Cd45_pos_Pd1_neg_S204_A12_S204_comb	BCELL	BCELL	UNLABELED	BCELL	BCELL	BCELL	BCELL	BCELL	T.CD4	BCELL	BCELL	BCELL	BCELL	BCELL	T.CD4	BCELL	UNLABELED	BCELL	BCELL	UNLABELED
cy128_CD45pos_S187	BCELL	BCELL	BCELL	BCELL	BCELL	BCELL	BCELL	BCELL	BCELL	BCELL	BCELL	BCELL	BCELL	BCELL	T.CD4	BCELL	UNLABELED	BCELL	BCELL	UNLABELED
cy102_CD45pos_S185	BCELL	BCELL	BCELL	BCELL	BCELL	BCELL	MACROPHAGE	BCELL	BCELL	BCELL	MACROPHAGE	BCELL	BCELL	BCELL	T.CD8	UNLABELED	UNLABELED	BCELL	BCELL	UNLABELED
CY58_1_CD45_G02_S1034_comb	TCELL	T.CD8	UNLABELED	TCELL	T.CD4	UNLABELED	NK	CAF	NK	TCELL	TCELL	UNLABELED	BCELL	TCELL	BCELL	UNLABELED	UNLABELED	TCELL	TCELL	UNLABELED
CY94CD45POS_1_F06_S162_comb	TCELL	T.CD4	UNLABELED	T.CD4	T.CD4	T.CD4	T.CD4	T.CD4	T.CD4	TCELL	T.CD4	T.CD4	T.CD8	T.CD4	BCELL	UNLABELED	UNLABELED	T.CD4	T.CD4	UNLABELED
cy116_CD45pos_S379	TCELL	TCELL	UNLABELED	TCELL	T.CD4	T.CD4	T.CD8	T.CD4	TCELL	NK	TCELL	UNLABELED	T.CD4	UNLABELED	T.CD8	UNLABELED	T.CD8	T.CD4	TCELL	UNLABELED
Cy71_CD45_B08_S500_comb	TCELL	T.CD4	UNLABELED	T.CD4	T.CD4	T.CD4	T.CD4	CAF	T.CD4	TCELL	TCELL	T.CD4	TCELL	TCELL	BCELL	UNLABELED	UNLABELED	T.CD4	TCELL	UNLABELED
cy110_CD45pos_S299	TCELL	T.CD4	UNLABELED	T.CD4	T.CD4	UNLABELED	MACROPHAGE	TCELL	T.CD4	T.CD4	TCELL	T.CD4	T.CD4	UNLABELED	TCELL	UNLABELED	UNLABELED	T.CD4	TCELL	UNLABELED
Cy74_CD45_D09_S429_comb	TCELL	TCELL	UNLABELED	TCELL	T.CD4	T.CD4	T.CD4	CAF	TCELL	TCELL	T.CD4	UNLABELED	TCELL	TCELL	BCELL	UNLABELED	UNLABELED	TCELL	TCELL	UNLABELED
CY94CD45POS_1_B04_S112_comb	TCELL	T.CD4	UNLABELED	T.CD4	T.CD4	UNLABELED	TCELL	TCELL	TCELL	T.CD4	T.CD4	UNLABELED	T.CD4	T.CD4	TCELL	T.CD4	UNLABELED	T.CD4	TCELL	UNLABELED
MGH00478_CD45pos_2_S309	TCELL	T.CD4	UNLABELED	T.CD4	T.CD4	T.CD4	T.CD4	T.CD4	T.CD4	T.CD4	T.CD4	T.CD4	T.CD4	T.CD4	TCELL	UNLABELED	UNLABELED	T.CD4	T.CD4	UNLABELED
cy80_Cd45_pos_Pd1_neg_S368_H08_S368_comb	TCELL	TCELL	UNLABELED	TCELL	T.CD4	T.CD4	T.CD4	CAF	T.CD4	TCELL	T.CD4	T.CD4	TCELL	UNLABELED	BCELL	TCELL	UNLABELED	T.CD4	T.CD4	UNLABELED
cy103_CD45pos_S105	TCELL	T.CD4	UNLABELED	T.CD8	T.CD4	UNLABELED	TCELL	T.CD4	T.CD8	T.CD4	T.CD8	T.CD4	TCELL	UNLABELED	TCELL	UNLABELED	UNLABELED	T.CD4	TCELL	UNLABELED
cy116_CD45pos_S306	MACROPHAGE	MACROPHAGE	MACROPHAGE	MACROPHAGE	MACROPHAGE	MACROPHAGE	MACROPHAGE	MACROPHAGE	MACROPHAGE	MACROPHAGE	MACROPHAGE	MACROPHAGE	MACROPHAGE	MACROPHAGE	MACROPHAGE	MACROPHAGE	MACROPHAGE	MACROPHAGE	MACROPHAGE	UNLABELED
cy110_CD45pos_S330	MACROPHAGE	MACROPHAGE	MACROPHAGE	MACROPHAGE	MACROPHAGE	MACROPHAGE	MACROPHAGE	TUMOR	MACROPHAGE	MACROPHAGE	MACROPHAGE	MACROPHAGE	MACROPHAGE	MACROPHAGE	MACROPHAGE	MACROPHAGE	MACROPHAGE	MACROPHAGE	MACROPHAGE	MACROPHAGE
cy98_CD45pos_1_S209	MACROPHAGE	MACROPHAGE	MACROPHAGE	MACROPHAGE	MACROPHAGE	MACROPHAGE	MACROPHAGE	MACROPHAGE	MACROPHAGE	MACROPHAGE	MACROPHAGE	MACROPHAGE	MACROPHAGE	MACROPHAGE	MACROPHAGE	MACROPHAGE	MACROPHAGE	MACROPHAGE	MACROPHAGE	UNLABELED
Cy74_CD45_A06_S390_comb	MACROPHAGE	MACROPHAGE	UNLABELED	MACROPHAGE	T.CD8	UNLABELED	NK	CAF	MACROPHAGE	MACROPHAGE	MACROPHAGE	MACROPHAGE	MACROPHAGE	MACROPHAGE	BCELL	MACROPHAGE	MACROPHAGE	MACROPHAGE	MACROPHAGE	UNLABELED
cy80_CD45_neg_B06_S402_comb	MACROPHAGE	TCELL	UNLABELED	TCELL	T.CD4	UNLABELED	MACROPHAGE	BCELL	T.CD4	NK	BCELL	MACROPHAGE	T.CD8	TCELL	BCELL	UNLABELED	UNLABELED	T.CD4	TCELL	UNLABELED
CY89A_CD45_POS_6_A04_S100_comb	MACROPHAGE	MACROPHAGE	MACROPHAGE	MACROPHAGE	MACROPHAGE	MACROPHAGE	MACROPHAGE	MACROPHAGE	MACROPHAGE	MACROPHAGE	MACROPHAGE	MACROPHAGE	MACROPHAGE	MACROPHAGE	BCELL	MACROPHAGE	MACROPHAGE	MACROPHAGE	MACROPHAGE	UNLABELED
CY88CD45POS_2_H12_S480_comb	MACROPHAGE	MACROPHAGE	UNLABELED	MACROPHAGE	MACROPHAGE	MACROPHAGE	MACROPHAGE	BCELL	MACROPHAGE	MACROPHAGE	MACROPHAGE	MACROPHAGE	MACROPHAGE	MACROPHAGE	BCELL	UNLABELED	UNLABELED	MACROPHAGE	MACROPHAGE	UNLABELED
cy110_CD45pos_S311	MACROPHAGE	MACROPHAGE	MACROPHAGE	MACROPHAGE	MACROPHAGE	MACROPHAGE	MACROPHAGE	MACROPHAGE	MACROPHAGE	MACROPHAGE	MACROPHAGE	MACROPHAGE	MACROPHAGE	MACROPHAGE	MACROPHAGE	MACROPHAGE	MACROPHAGE	MACROPHAGE	MACROPHAGE	MACROPHAGE
cy110_CD45pos_S251	MACROPHAGE	MACROPHAGE	MACROPHAGE	MACROPHAGE	MACROPHAGE	MACROPHAGE	MACROPHAGE	MACROPHAGE	MACROPHAGE	MACROPHAGE	MACROPHAGE	MACROPHAGE	MACROPHAGE	MACROPHAGE	MACROPHAGE	MACROPHAGE	MACROPHAGE	MACROPHAGE	MACROPHAGE	UNLABELED
cy110_CD45pos_S316	MACROPHAGE	MACROPHAGE	MACROPHAGE	MACROPHAGE	MACROPHAGE	MACROPHAGE	MACROPHAGE	MACROPHAGE	MACROPHAGE	MACROPHAGE	MACROPHAGE	MACROPHAGE	MACROPHAGE	MACROPHAGE	MACROPHAGE	MACROPHAGE	MACROPHAGE	MACROPHAGE	MACROPHAGE	UNLABELED
cy75_1B_CORE_CD45neg_S151	CAF	CAF	CAF	CAF	CAF	CAF	CAF	CAF	CAF	CAF	CAF	CAF	CAF	CAF	CAF	UNLABELED	UNLABELED	CAF	CAF	CAF
cy81_Bulk_CD45_neg_E12_S156_comb	CAF	CAF	UNLABELED	CAF	T.CD8	UNLABELED	NK	CAF	TUMOR	TUMOR	CAF	UNLABELED	CAF	CAF	BCELL	TUMOR	UNLABELED	TUMOR	TUMOR	UNLABELED
cy80_CD_90_pos_B02_S878_comb	CAF	CAF	CAF	CAF	CAF	CAF	CAF	CAF	CAF	CAF	CAF	CAF	CAF	CAF	T.CD8	UNLABELED	CAF	CAF	CAF	UNLABELED
cy84_Primary_CD45_neg_G03_S1035_comb	CAF	CAF	CAF	CAF	CAF	CAF	TUMOR	CAF	CAF	CAF	CAF	CAF	CAF	CAF	CAF	UNLABELED	TUMOR	CAF	CAF	UNLABELED
cy75_1B_CORE_CD45neg_S108	CAF	CAF	CAF	CAF	CAF	CAF	CAF	CAF	CAF	CAF	CAF	CAF	CAF	CAF	UNLABELED	UNLABELED	CAF	CAF	CAF	UNLABELED
cy80_CD_90_pos_A04_S868_comb	CAF	CAF	CAF	CAF	CAF	CAF	CAF	CAF	CAF	CAF	CAF	CAF	CAF	CAF	T.CD8	UNLABELED	CAF	CAF	CAF	CAF
cy82_CD45_neg_3_C08_S800_comb	CAF	CAF	CAF	CAF	CAF	CAF	CAF	ENDO.	CAF	CAF	CAF	CAF	CAF	CAF	UNLABELED	UNLABELED	ENDO.	CAF	CAF	UNLABELED
Cy80_II_CD45_H03_S951_comb	CAF	CAF	UNLABELED	CAF	CAF	UNLABELED	NK	CAF	CAF	CAF	CAF	CAF	CAF	CAF	BCELL	UNLABELED	UNLABELED	CAF	CAF	UNLABELED
cy75_1B_CORE_CD45neg_S130	CAF	CAF	CAF	CAF	CAF	CAF	CAF	CAF	CAF	CAF	CAF	CAF	CAF	CAF	CAF	CAF	CAF	CAF	CAF	CAF
cy129PA_CD45neg_CD90neg_S141	CAF	CAF	UNLABELED	CAF	T.CD8	UNLABELED	NK	CAF	CAF	CAF	CAF	UNLABELED	CAF	CAF	BCELL	UNLABELED	UNLABELED	TCELL	CAF	UNLABELED
cy94_cd45neg_cd90pos_F02_S350_comb	ENDO.	ENDO.	ENDO.	ENDO.	ENDO.	ENDO.	ENDO.	ENDO.	ENDO.	ENDO.	ENDO.	UNLABELED	ENDO.	ENDO.	ENDO.	UNLABELED	ENDO.	ENDO.	ENDO.	UNLABELED
cy94_cd45neg_cd90pos_G04_S364_comb	ENDO.	ENDO.	ENDO.	ENDO.	ENDO.	ENDO.	ENDO.	ENDO.	ENDO.	ENDO.	ENDO.	UNLABELED	ENDO.	ENDO.	BCELL	UNLABELED	ENDO.	ENDO.	ENDO.	UNLABELED
cy79_p3_CD45_neg_PDL1_neg_F07_S259_comb	ENDO.	TUMOR	UNLABELED	TUMOR	TUMOR	TUMOR	CAF	TUMOR	TUMOR	TUMOR	TUMOR	TUMOR	TUMOR	TUMOR	BCELL	UNLABELED	TUMOR	TUMOR	TUMOR	UNLABELED
cy105_Zombineg_CD45neg_CD90neg_S97	ENDO.	ENDO.	ENDO.	ENDO.	ENDO.	ENDO.	ENDO.	ENDO.	ENDO.	ENDO.	ENDO.	ENDO.	ENDO.	ENDO.	ENDO.	ENDO.	ENDO.	ENDO.	ENDO.	UNLABELED
cy80_CD45_neg_F07_S931_comb	ENDO.	ENDO.	ENDO.	ENDO.	ENDO.	ENDO.	ENDO.	ENDO.	ENDO.	ENDO.	ENDO.	ENDO.	ENDO.	ENDO.	BCELL	UNLABELED	ENDO.	ENDO.	ENDO.	UNLABELED
cy105_Zombineg_CD45neg_CD90neg_S128	ENDO.	ENDO.	ENDO.	ENDO.	ENDO.	ENDO.	ENDO.	ENDO.	ENDO.	ENDO.	ENDO.	ENDO.	ENDO.	ENDO.	ENDO.	UNLABELED	ENDO.	ENDO.	ENDO.	UNLABELED
cy94_cd45neg_cd90pos_E11_S347_comb	ENDO.	ENDO.	UNLABELED	ENDO.	ENDO.	ENDO.	ENDO.	BCELL	T.CD4	T.CD4	TCELL	ENDO.	ENDO.	T.CD4	BCELL	UNLABELED	UNLABELED	T.CD4	TCELL	UNLABELED
cy105_Zombineg_CD45neg_CD90neg_S142	ENDO.	ENDO.	ENDO.	ENDO.	ENDO.	ENDO.	ENDO.	ENDO.	ENDO.	ENDO.	ENDO.	ENDO.	ENDO.	ENDO.	BCELL	ENDO.	ENDO.	ENDO.	ENDO.	UNLABELED
cy53_1_CD45_neg_G07_S367_comb	ENDO.	ENDO.	ENDO.	ENDO.	ENDO.	ENDO.	ENDO.	ENDO.	ENDO.	ENDO.	ENDO.	ENDO.	ENDO.	ENDO.	BCELL	ENDO.	ENDO.	ENDO.	ENDO.	UNLABELED
cy105_Zombineg_CD45neg_CD90neg_S123	ENDO.	ENDO.	ENDO.	ENDO.	ENDO.	ENDO.	ENDO.	TUMOR	ENDO.	ENDO.	ENDO.	ENDO.	ENDO.	ENDO.	ENDO.	UNLABELED	ENDO.	ENDO.	ENDO.	UNLABELED
cy79_p3_CD45_pos_PD1_neg_E09_S153_comb	NK	NK	UNLABELED	NK	T.CD8	UNLABELED	NK	CAF	NK	NK	T.CD4	NK	NK	NK	BCELL	UNLABELED	UNLABELED	NK	NK	UNLABELED
cy84_Primary_CD45_pos_C07_S415_comb	NK	NK	NK	NK	NK	NK	NK	NK	NK	NK	NK	NK	NK	NK	NK	UNLABELED	NK	NK	NK	UNLABELED
cy80_CD45_pos_PD1_pos_F04_S160_comb	NK	NK	UNLABELED	NK	T.CD8	T.CD8	NK	CAF	NK	NK	T.CD8	UNLABELED	NK	NK	BCELL	UNLABELED	T.CD8	NK	NK	UNLABELED
cy75_1CORE_CD45pos_S82	NK	NK	NK	NK	NK	NK	NK	NK	NK	NK	NK	NK	NK	NK	T.CD8	UNLABELED	UNLABELED	NK	NK	UNLABELED
CY88CD45POS_2_G06_S462_comb	NK	NK	NK	NK	NK	NK	NK	NK	NK	NK	T.CD4	NK	NK	NK	T.CD8	UNLABELED	UNLABELED	NK	NK	UNLABELED
cy121.1_CD45pos_S351	NK	NK	UNLABELED	NK	NK	NK	T.CD8	NK	NK	NK	T.CD8	NK	NK	NK	T.CD8	UNLABELED	UNLABELED	TCELL	NK	UNLABELED
cy04.3_CD45pos_S22	NK	NK	UNLABELED	NK	TCELL	TCELL	TCELL	TCELL	TCELL	NK	TCELL	NK	NK	NK	TCELL	UNLABELED	UNLABELED	TCELL	TCELL	UNLABELED
cy112_CD45pos_S79	NK	NK	NK	NK	NK	NK	NK	NK	NK	NK	T.CD4	NK	NK	NK	T.CD4	UNLABELED	UNLABELED	NK	NK	UNLABELED
cy80_CD45_pos_PD1_pos_H01_S181_comb	NK	NK	UNLABELED	NK	NK	NK	T.CD8	NK	NK	NK	T.CD8	NK	NK	NK	T.CD8	T.CD8	UNLABELED	NK	NK	UNLABELED
CY88CD45POS_2_E09_S441_comb	NK	NK	UNLABELED	NK	T.CD8	UNLABELED	NK	CAF	NK	NK	NK	NK	NK	NK	BCELL	UNLABELED	UNLABELED	NK	NK	UNLABELED
CY88_3_H08_S668_comb	TUMOR	TUMOR	UNLABELED	TUMOR	TUMOR	TUMOR	TUMOR	TUMOR	TUMOR	TUMOR	TUMOR	TUMOR	TUMOR	TUMOR	BCELL	UNLABELED	TUMOR	TUMOR	TUMOR	UNLABELED
Cy80_II_CD45_A01_S865_comb	TUMOR	TUMOR	TUMOR	TUMOR	TUMOR	TUMOR	TUMOR	CAF	TUMOR	TUMOR	TUMOR	TUMOR	TUMOR	TUMOR	T.CD8	UNLABELED	TUMOR	TUMOR	TUMOR	UNLABELED
merck_cd45negcd90neg_PL3_S219	TUMOR	TUMOR	TUMOR	TUMOR	TUMOR	TUMOR	TUMOR	TUMOR	TUMOR	TUMOR	TUMOR	TUMOR	TUMOR	TUMOR	T.CD8	UNLABELED	TUMOR	TUMOR	TUMOR	UNLABELED
CY88_5_C04_S700_comb	TUMOR	TUMOR	TUMOR	TUMOR	TUMOR	TUMOR	TUMOR	TUMOR	TUMOR	TUMOR	TUMOR	TUMOR	TUMOR	TUMOR	T.CD8	UNLABELED	TUMOR	TUMOR	TUMOR	UNLABELED
cy80_CD45_neg_H09_S957_comb	TUMOR	TUMOR	TUMOR	TUMOR	TUMOR	TUMOR	TUMOR	TUMOR	TUMOR	TUMOR	TUMOR	TUMOR	TUMOR	TUMOR	T.CD8	UNLABELED	TUMOR	TUMOR	TUMOR	UNLABELED
cy106_CD45neg_CD90neg_S306_26	TUMOR	CAF	UNLABELED	CAF	TUMOR	TUMOR	TCELL	CAF	TUMOR	TUMOR	CAF	UNLABELED	CAF	TUMOR	BCELL	UNLABELED	TUMOR	TUMOR	CAF	UNLABELED
cy110_CD45neg_CD90neg_S286	TUMOR	TUMOR	UNLABELED	CAF	TUMOR	TUMOR	TCELL	CAF	TUMOR	TUMOR	TUMOR	UNLABELED	CAF	TUMOR	BCELL	TUMOR	UNLABELED	TUMOR	TUMOR	UNLABELED
cy79_p1_CD45_neg_PDL1_neg_AS_C4_R1_H09_S189_comb	TUMOR	TUMOR	UNLABELED	TUMOR	TUMOR	TUMOR	CAF	TUMOR	TUMOR	TUMOR	TUMOR	TUMOR	TUMOR	TUMOR	BCELL	TUMOR	TUMOR	TUMOR	TUMOR	UNLABELED
CY89NEG_D08_S44_comb	TUMOR	TUMOR	TUMOR	TUMOR	TUMOR	TUMOR	TUMOR	TUMOR	TUMOR	TUMOR	TUMOR	TUMOR	TUMOR	UNLABELED	T.CD8	TUMOR	TUMOR	TUMOR	TUMOR	UNLABELED
cy79_p4_CD45_neg_PDL1_neg_H11_S1151_comb	TUMOR	TUMOR	TUMOR	TUMOR	TUMOR	TUMOR	TUMOR	TUMOR	TUMOR	TUMOR	TUMOR	TUMOR	TUMOR	TUMOR	T.CD8	TUMOR	TUMOR	TUMOR	TUMOR	UNLABELED
CY75_1_CD45_CD8_3__S186_comb_BCD8	T.CD8	T.CD8	UNLABELED	T.CD8	TCELL	UNLABELED	NK	CAF	ENDO.	T.CD8	BCELL	T.CD8	T.CD8	TCELL	T.CD8	UNLABELED	UNLABELED	T.CD4	TCELL	UNLABELED
CY75_1_CD45_CD8_7__S218_comb_BCD8	T.CD8	T.CD8	T.CD8	T.CD8	T.CD8	T.CD8	MACROPHAGE	CAF	T.CD8	T.CD8	T.CD8	T.CD8	T.CD8	T.CD8	T.CD8	UNLABELED	UNLABELED	T.CD8	T.CD8	UNLABELED
cy103_CD45pos_S99	T.CD8	T.CD8	UNLABELED	T.CD8	T.CD8	UNLABELED	T.CD8	T.CD8	T.CD8	T.CD8	T.CD8	UNLABELED	T.CD8	T.CD8	T.CD8	UNLABELED	T.CD8	T.CD8	T.CD8	UNLABELED
CY84_PRIM_POS_ALL_6_C09_S417_comb	T.CD8	NK	UNLABELED	T.CD8	T.CD4	UNLABELED	TCELL	T.CD8	TCELL	NK	T.CD4	T.CD4	TCELL	TCELL	TCELL	UNLABELED	UNLABELED	T.CD4	T.CD8	UNLABELED
cy58_1_CD45_pos_B06_S594_comb	T.CD8	T.CD8	UNLABELED	T.CD8	T.CD8	UNLABELED	NK	CAF	T.CD8	T.CD8	T.CD8	T.CD8	T.CD8	UNLABELED	BCELL	UNLABELED	UNLABELED	T.CD8	T.CD8	UNLABELED
Cy81_FNA_CD45_D11_S239_comb	T.CD8	NK	UNLABELED	TCELL	T.CD8	UNLABELED	NK	NK	TCELL	T.CD8	TCELL	NK	T.CD8	NK	NK	UNLABELED	UNLABELED	T.CD4	NK	UNLABELED
cy116_CD45pos_S341	T.CD8	T.CD8	T.CD8	T.CD8	TCELL	UNLABELED	T.CD8	T.CD8	T.CD8	T.CD8	T.CD8	T.CD8	T.CD8	NK	T.CD8	UNLABELED	T.CD8	T.CD8	T.CD8	UNLABELED
cy53_1_CD45_pos_1_F12_S72_comb	T.CD8	NK	UNLABELED	T.CD8	T.CD8	UNLABELED	NK	CAF	TCELL	T.CD8	T.CD8	UNLABELED	NK	NK	BCELL	UNLABELED	T.CD8	T.CD8	T.CD8	UNLABELED
cy129PA_CD45pos_S91	T.CD8	T.CD8	UNLABELED	T.CD8	T.CD8	UNLABELED	T.CD8	T.CD8	T.CD8	T.CD8	T.CD8	T.CD8	T.CD8	T.CD8	T.CD8	T.CD8	UNLABELED	T.CD8	T.CD8	UNLABELED
cy102_CD45pos_S226	T.CD8	T.CD8	UNLABELED	T.CD8	T.CD8	UNLABELED	T.CD8	NK	NK	T.CD8	T.CD8	T.CD8	T.CD8	T.CD8	NK	UNLABELED	T.CD8	T.CD8	T.CD8	UNLABELED
cy84_Primary_CD45_pos_G12_S468_comb	T.CD4	T.CD4	UNLABELED	T.CD4	T.CD4	UNLABELED	T.CD4	NK	T.CD4	T.CD4	TCELL	T.CD4	T.CD4	UNLABELED	T.CD4	UNLABELED	UNLABELED	T.CD4	T.CD4	UNLABELED
cy121.1_CD45pos_S383	T.CD4	T.CD4	T.CD4	TCELL	TCELL	UNLABELED	T.CD4	TCELL	TCELL	T.CD4	T.CD4	UNLABELED	T.CD4	UNLABELED	T.CD4	UNLABELED	UNLABELED	T.CD4	T.CD4	UNLABELED
cy94_cd45pos_H03_S183_comb	T.CD4	TCELL	UNLABELED	T.CD4	T.CD4	UNLABELED	T.CD4	T.CD4	TCELL	T.CD4	T.CD4	UNLABELED	T.CD4	T.CD4	TCELL	UNLABELED	T.CD4	T.CD4	T.CD4	UNLABELED
cy128_CD45pos_S152	T.CD4	T.CD4	UNLABELED	TCELL	T.CD4	UNLABELED	TCELL	TCELL	TCELL	T.CD4	T.CD4	UNLABELED	T.CD4	UNLABELED	T.CD4	UNLABELED	UNLABELED	TCELL	T.CD4	UNLABELED
cy80_CD45_neg_A05_S389_comb	T.CD4	T.CD4	UNLABELED	TCELL	T.CD8	UNLABELED	NK	CAF	T.CD8	T.CD4	T.CD8	T.CD4	T.CD4	T.CD4	BCELL	UNLABELED	UNLABELED	T.CD4	TCELL	UNLABELED
cy72_CD45_pos_E04_S916_comb	T.CD4	T.CD4	UNLABELED	T.CD4	T.CD4	UNLABELED	NK	CAF	T.CD4	T.CD4	T.CD8	T.CD4	T.CD4	T.CD4	BCELL	UNLABELED	UNLABELED	T.CD4	T.CD4	UNLABELED
cy72_CD45_pos_F09_S933_comb	T.CD4	T.CD4	UNLABELED	T.CD4	T.CD4	UNLABELED	TCELL	NK	TCELL	T.CD4	TCELL	UNLABELED	TCELL	UNLABELED	BCELL	UNLABELED	T.CD4	T.CD4	T.CD4	UNLABELED
cy80_Cd45_pos_PD1_pos_S138_F06_S138_comb	T.CD4	T.CD4	UNLABELED	T.CD4	T.CD4	UNLABELED	T.CD4	TCELL	TCELL	T.CD4	T.CD4	T.CD4	T.CD4	T.CD4	TCELL	UNLABELED	T.CD4	T.CD4	TCELL	UNLABELED
cy80_Cd45_pos_PD1_pos_D10_S94_comb	T.CD4	T.CD4	UNLABELED	T.CD4	T.CD4	UNLABELED	TCELL	CAF	TCELL	T.CD4	TCELL	UNLABELED	TCELL	TCELL	BCELL	UNLABELED	UNLABELED	T.CD4	T.CD4	UNLABELED
merck_cd45pos_PL3_S305	T.CD4	T.CD4	UNLABELED	T.CD4	T.CD4	UNLABELED	T.CD4	TCELL	T.CD4	T.CD4	T.CD4	T.CD4	T.CD4	T.CD8	T.CD4	UNLABELED	UNLABELED	T.CD4	TCELL	UNLABELED
CY89A_Core_15_F04_S64_comb	BCELL	BCELL	UNLABELED	BCELL	BCELL	UNLABELED	NK	CAF	BCELL	BCELL	BCELL	BCELL	BCELL	BCELL	T.CD8	BCELL	UNLABELED	BCELL	BCELL	UNLABELED
cy72_CD45_pos_D02_S902_comb	BCELL	BCELL	BCELL	BCELL	BCELL	BCELL	BCELL	BCELL	BCELL	BCELL	BCELL	BCELL	BCELL	BCELL	T.CD8	MACROPHAGE	UNLABELED	BCELL	BCELL	UNLABELED
cy79_p3_CD45_pos_PD1_neg_G01_S169_comb	BCELL	BCELL	BCELL	BCELL	BCELL	BCELL	BCELL	BCELL	BCELL	BCELL	BCELL	BCELL	BCELL	BCELL	T.CD8	BCELL	UNLABELED	BCELL	BCELL	UNLABELED
cy112_CD45pos_S28	BCELL	BCELL	BCELL	BCELL	BCELL	BCELL	BCELL	BCELL	BCELL	BCELL	BCELL	BCELL	BCELL	BCELL	T.CD8	UNLABELED	UNLABELED	BCELL	BCELL	UNLABELED
cy60_1_cd_45_pos_HC_pos_HLDAR_pos_F02_S1022_comb	BCELL	BCELL	UNLABELED	BCELL	BCELL	UNLABELED	BCELL	CAF	BCELL	BCELL	BCELL	BCELL	BCELL	BCELL	T.CD8	BCELL	UNLABELED	BCELL	BCELL	UNLABELED
cy79_p1_CD45_pos_PD1_neg_AS_C1_R2_H12_S576_comb	BCELL	BCELL	BCELL	BCELL	BCELL	BCELL	MACROPHAGE	MACROPHAGE	BCELL	BCELL	MACROPHAGE	BCELL	BCELL	BCELL	T.CD8	MACROPHAGE	UNLABELED	BCELL	BCELL	UNLABELED
cy80_Cd45_pos_PD1_pos_C08_S68_comb	BCELL	BCELL	UNLABELED	BCELL	T.CD8	UNLABELED	T.CD8	T.CD8	TCELL	BCELL	T.CD8	T.CD8	BCELL	T.CD8	BCELL	UNLABELED	UNLABELED	BCELL	TCELL	UNLABELED
cy106_CD45pos_S363	BCELL	BCELL	BCELL	BCELL	BCELL	BCELL	BCELL	BCELL	BCELL	BCELL	BCELL	BCELL	BCELL	BCELL	T.CD8	BCELL	UNLABELED	BCELL	BCELL	UNLABELED
cy94_cd45neg_cd90pos_B03_S303_comb	BCELL	BCELL	BCELL	BCELL	BCELL	BCELL	BCELL	BCELL	BCELL	BCELL	BCELL	BCELL	BCELL	BCELL	T.CD8	UNLABELED	UNLABELED	BCELL	BCELL	UNLABELED
cy60_1_cd_45_pos_3_G08_S368_comb	BCELL	BCELL	UNLABELED	BCELL	BCELL	UNLABELED	BCELL	CAF	BCELL	BCELL	BCELL	BCELL	MACROPHAGE	BCELL	T.CD8	BCELL	UNLABELED	BCELL	BCELL	UNLABELED
CY75_1_CD45_CD8_8__S302_comb_BCD8	TCELL	T.CD8	UNLABELED	T.CD8	T.CD8	UNLABELED	T.CD8	T.CD8	T.CD8	T.CD8	T.CD4	T.CD8	T.CD8	T.CD8	T.CD8	UNLABELED	T.CD8	T.CD8	T.CD8	UNLABELED
cy80_Cd45_pos_PD1_pos_S192_H12_S192_comb	TCELL	MACROPHAGE	UNLABELED	BCELL	T.CD8	T.CD8	MACROPHAGE	BCELL	TCELL	T.CD8	MACROPHAGE	T.CD8	MACROPHAGE	UNLABELED	T.CD4	MACROPHAGE	T.CD8	T.CD4	MACROPHAGE	UNLABELED
CY75_1_CD45_CD8_8__S335_comb_BCD8	TCELL	T.CD8	UNLABELED	T.CD8	T.CD8	T.CD8	T.CD8	T.CD8	T.CD8	T.CD8	T.CD8	T.CD8	T.CD8	T.CD8	BCELL	UNLABELED	UNLABELED	TCELL	TCELL	UNLABELED
cy04.3_CD45pos_S57	TCELL	T.CD4	UNLABELED	T.CD4	T.CD8	UNLABELED	T.CD4	T.CD8	T.CD8	T.CD4	MACROPHAGE	T.CD4	T.CD4	T.CD4	T.CD4	MACROPHAGE	UNLABELED	T.CD4	TCELL	UNLABELED
cy116_CD45pos_S329	TCELL	TCELL	UNLABELED	TCELL	TCELL	UNLABELED	TCELL	TCELL	TCELL	TCELL	TCELL	UNLABELED	TCELL	UNLABELED	BCELL	UNLABELED	UNLABELED	TCELL	TCELL	UNLABELED
cy79_p4_CD45_pos_PD1_pos_H12_S384_comb	TCELL	T.CD8	UNLABELED	NK	TCELL	UNLABELED	NK	CAF	TCELL	T.CD8	NK	T.CD8	TUMOR	TCELL	BCELL	UNLABELED	UNLABELED	T.CD8	TCELL	UNLABELED
cy80_Cd45_pos_PD1_pos_A07_S19_comb	TCELL	T.CD4	UNLABELED	TCELL	TCELL	UNLABELED	T.CD4	T.CD8	T.CD8	T.CD4	T.CD4	T.CD4	MACROPHAGE	T.CD8	T.CD4	UNLABELED	UNLABELED	T.CD4	TCELL	UNLABELED
cy94_cd45pos_G11_S179_comb	TCELL	TCELL	UNLABELED	T.CD4	TCELL	TCELL	TCELL	TCELL	TCELL	T.CD4	T.CD4	UNLABELED	T.CD4	UNLABELED	BCELL	UNLABELED	UNLABELED	T.CD4	TCELL	UNLABELED
cy128_CD45pos_S164	TCELL	TCELL	UNLABELED	T.CD4	TCELL	UNLABELED	T.CD4	TCELL	TCELL	TCELL	NK	UNLABELED	TCELL	T.CD4	T.CD4	UNLABELED	UNLABELED	T.CD4	T.CD4	UNLABELED
CY88CD45_150813_E06_S342_comb	TCELL	TCELL	UNLABELED	TCELL	TCELL	UNLABELED	TCELL	CAF	TCELL	TCELL	TCELL	UNLABELED	TCELL	TCELL	BCELL	UNLABELED	UNLABELED	T.CD4	TCELL	UNLABELED
cy98_CD45pos_2_S297	MACROPHAGE	MACROPHAGE	MACROPHAGE	MACROPHAGE	MACROPHAGE	MACROPHAGE	MACROPHAGE	MACROPHAGE	MACROPHAGE	MACROPHAGE	MACROPHAGE	MACROPHAGE	MACROPHAGE	MACROPHAGE	MACROPHAGE	MACROPHAGE	MACROPHAGE	MACROPHAGE	MACROPHAGE	UNLABELED
cy110_CD45pos_S337	MACROPHAGE	MACROPHAGE	MACROPHAGE	MACROPHAGE	MACROPHAGE	MACROPHAGE	MACROPHAGE	MACROPHAGE	MACROPHAGE	MACROPHAGE	MACROPHAGE	MACROPHAGE	MACROPHAGE	MACROPHAGE	MACROPHAGE	MACROPHAGE	MACROPHAGE	MACROPHAGE	MACROPHAGE	UNLABELED
cy110_CD45pos_S318	MACROPHAGE	MACROPHAGE	MACROPHAGE	MACROPHAGE	MACROPHAGE	MACROPHAGE	MACROPHAGE	MACROPHAGE	MACROPHAGE	MACROPHAGE	MACROPHAGE	MACROPHAGE	MACROPHAGE	MACROPHAGE	MACROPHAGE	MACROPHAGE	MACROPHAGE	MACROPHAGE	MACROPHAGE	UNLABELED
cy129PB_CD45pos_S253	MACROPHAGE	MACROPHAGE	MACROPHAGE	MACROPHAGE	MACROPHAGE	MACROPHAGE	MACROPHAGE	MACROPHAGE	MACROPHAGE	MACROPHAGE	MACROPHAGE	MACROPHAGE	MACROPHAGE	MACROPHAGE	MACROPHAGE	MACROPHAGE	MACROPHAGE	MACROPHAGE	MACROPHAGE	UNLABELED
CY88CD45POS_2_G08_S464_comb	MACROPHAGE	MACROPHAGE	MACROPHAGE	MACROPHAGE	MACROPHAGE	MACROPHAGE	MACROPHAGE	MACROPHAGE	MACROPHAGE	MACROPHAGE	MACROPHAGE	MACROPHAGE	MACROPHAGE	MACROPHAGE	MACROPHAGE	MACROPHAGE	MACROPHAGE	MACROPHAGE	MACROPHAGE	UNLABELED
cy88_cd_45_pos_G09_S465_comb	MACROPHAGE	MACROPHAGE	MACROPHAGE	MACROPHAGE	MACROPHAGE	MACROPHAGE	MACROPHAGE	ENDO.	MACROPHAGE	MACROPHAGE	MACROPHAGE	MACROPHAGE	MACROPHAGE	MACROPHAGE	BCELL	MACROPHAGE	MACROPHAGE	MACROPHAGE	MACROPHAGE	UNLABELED
cy110_CD45pos_S269	MACROPHAGE	MACROPHAGE	MACROPHAGE	MACROPHAGE	MACROPHAGE	MACROPHAGE	MACROPHAGE	MACROPHAGE	MACROPHAGE	MACROPHAGE	MACROPHAGE	MACROPHAGE	MACROPHAGE	MACROPHAGE	MACROPHAGE	MACROPHAGE	MACROPHAGE	MACROPHAGE	BCELL	UNLABELED
cy102_CD45pos_S116	MACROPHAGE	MACROPHAGE	MACROPHAGE	MACROPHAGE	MACROPHAGE	MACROPHAGE	MACROPHAGE	MACROPHAGE	MACROPHAGE	MACROPHAGE	MACROPHAGE	MACROPHAGE	MACROPHAGE	UNLABELED	T.CD8	MACROPHAGE	UNLABELED	MACROPHAGE	MACROPHAGE	UNLABELED
CY84_PRIM_POS_ALL_7_H06_S282_comb	MACROPHAGE	MACROPHAGE	MACROPHAGE	MACROPHAGE	MACROPHAGE	MACROPHAGE	MACROPHAGE	MACROPHAGE	MACROPHAGE	MACROPHAGE	MACROPHAGE	MACROPHAGE	MACROPHAGE	MACROPHAGE	MACROPHAGE	MACROPHAGE	MACROPHAGE	MACROPHAGE	MACROPHAGE	UNLABELED
CY88CD45POS_7_C01_S217_comb	MACROPHAGE	MACROPHAGE	MACROPHAGE	MACROPHAGE	MACROPHAGE	MACROPHAGE	MACROPHAGE	MACROPHAGE	MACROPHAGE	MACROPHAGE	MACROPHAGE	MACROPHAGE	MACROPHAGE	MACROPHAGE	MACROPHAGE	MACROPHAGE	MACROPHAGE	MACROPHAGE	MACROPHAGE	UNLABELED
cy75_1B_CORE_CD45neg_S177	CAF	CAF	CAF	CAF	CAF	CAF	CAF	CAF	CAF	CAF	CAF	CAF	CAF	CAF	CAF	CAF	CAF	CAF	CAF	CAF
cy79_p3_CD45_neg_PD1_pos_AS_C3_R1_E08_S344_comb	CAF	TUMOR	UNLABELED	TUMOR	TUMOR	TUMOR	TUMOR	TUMOR	TUMOR	TUMOR	TUMOR	TUMOR	TUMOR	TUMOR	T.CD8	UNLABELED	TUMOR	TUMOR	TUMOR	UNLABELED
cy112_CD45neg_CD90neg_S309	CAF	CAF	UNLABELED	CAF	CAF	CAF	CAF	TUMOR	CAF	CAF	CAF	UNLABELED	CAF	CAF	UNLABELED	UNLABELED	UNLABELED	TUMOR	CAF	UNLABELED
cy75_1B_CORE_CD45neg_S124	CAF	CAF	CAF	CAF	CAF	CAF	CAF	CAF	CAF	CAF	CAF	CAF	CAF	CAF	CAF	CAF	UNLABELED	CAF	CAF	UNLABELED
cy53_1_CD45_neg_F09_S357_comb	CAF	CAF	CAF	CAF	CAF	CAF	CAF	CAF	CAF	CAF	CAF	CAF	CAF	CAF	T.CD8	CAF	CAF	CAF	CAF	UNLABELED
cy75_1B_CORE_CD45neg_S139	CAF	CAF	CAF	CAF	CAF	CAF	CAF	CAF	CAF	CAF	CAF	CAF	CAF	CAF	CAF	CAF	UNLABELED	CAF	CAF	CAF
cy75_1B_CORE_CD45neg_S135	CAF	CAF	CAF	CAF	CAF	CAF	CAF	TUMOR	CAF	CAF	CAF	CAF	CAF	CAF	BCELL	CAF	CAF	CAF	CAF	UNLABELED
cy81_Bulk_CD45_neg_H08_S188_comb	CAF	TUMOR	UNLABELED	TUMOR	TUMOR	TUMOR	CAF	TUMOR	TUMOR	TUMOR	TUMOR	UNLABELED	CAF	CAF	BCELL	UNLABELED	TUMOR	TUMOR	TUMOR	UNLABELED
cy80_CD_90_pos_H08_S956_comb	CAF	CAF	UNLABELED	CAF	T.CD8	UNLABELED	NK	CAF	CAF	CAF	CAF	CAF	CAF	CAF	BCELL	CAF	CAF	CAF	CAF	UNLABELED
cy53_1_CD45_neg_G10_S370_comb	CAF	CAF	UNLABELED	CAF	CAF	CAF	CAF	ENDO.	CAF	CAF	ENDO.	UNLABELED	CAF	CAF	BCELL	UNLABELED	UNLABELED	CAF	CAF	UNLABELED
cy105_CD45neg_calceinpos_S191	ENDO.	ENDO.	ENDO.	ENDO.	ENDO.	ENDO.	ENDO.	ENDO.	ENDO.	ENDO.	ENDO.	ENDO.	ENDO.	ENDO.	ENDO.	ENDO.	ENDO.	ENDO.	ENDO.	UNLABELED
cy81_Bulk_CD45_neg_E03_S147_comb	ENDO.	ENDO.	ENDO.	ENDO.	ENDO.	ENDO.	ENDO.	ENDO.	ENDO.	ENDO.	ENDO.	ENDO.	ENDO.	ENDO.	ENDO.	UNLABELED	ENDO.	ENDO.	ENDO.	UNLABELED
cy105_CD45neg_S273	ENDO.	ENDO.	ENDO.	ENDO.	ENDO.	ENDO.	ENDO.	ENDO.	ENDO.	ENDO.	ENDO.	ENDO.	ENDO.	ENDO.	ENDO.	ENDO.	ENDO.	ENDO.	ENDO.	UNLABELED
CY89CORE11_F03_S159_comb	ENDO.	TUMOR	TUMOR	TUMOR	TUMOR	TUMOR	TUMOR	TUMOR	TUMOR	TUMOR	TUMOR	TUMOR	TUMOR	TUMOR	T.CD8	UNLABELED	TUMOR	TUMOR	TUMOR	UNLABELED
cy105_CD45neg_calceinpos_S132	ENDO.	ENDO.	UNLABELED	ENDO.	ENDO.	UNLABELED	ENDO.	ENDO.	ENDO.	ENDO.	TUMOR	ENDO.	CAF	ENDO.	UNLABELED	ENDO.	ENDO.	TUMOR	ENDO.	UNLABELED
cy79_p3_CD45_neg_PDL1_neg_A12_S204_comb	ENDO.	ENDO.	ENDO.	ENDO.	ENDO.	ENDO.	ENDO.	ENDO.	ENDO.	ENDO.	ENDO.	ENDO.	ENDO.	ENDO.	ENDO.	ENDO.	ENDO.	ENDO.	ENDO.	UNLABELED
cy80_CD45_neg_F12_S936_comb	ENDO.	ENDO.	UNLABELED	ENDO.	TCELL	UNLABELED	NK	CAF	ENDO.	ENDO.	ENDO.	ENDO.	ENDO.	ENDO.	BCELL	UNLABELED	ENDO.	ENDO.	ENDO.	UNLABELED
cy103_CD45neg_CD90neg_S58	ENDO.	TUMOR	UNLABELED	TUMOR	TUMOR	TUMOR	TCELL	TUMOR	TUMOR	TUMOR	TUMOR	TUMOR	TUMOR	TUMOR	T.CD8	TUMOR	UNLABELED	TUMOR	TUMOR	UNLABELED
cy53_1_CD45_neg_D08_S332_comb	ENDO.	ENDO.	ENDO.	ENDO.	ENDO.	ENDO.	ENDO.	ENDO.	ENDO.	ENDO.	ENDO.	ENDO.	ENDO.	ENDO.	BCELL	UNLABELED	ENDO.	ENDO.	ENDO.	UNLABELED
cy105_Zombineg_CD45neg_CD90neg_S111	ENDO.	ENDO.	ENDO.	ENDO.	ENDO.	ENDO.	ENDO.	ENDO.	ENDO.	ENDO.	ENDO.	ENDO.	ENDO.	ENDO.	ENDO.	UNLABELED	ENDO.	ENDO.	ENDO.	UNLABELED
cy53_1_CD45_pos_1_A02_S2_comb	NK	NK	NK	NK	NK	NK	NK	NK	NK	NK	T.CD4	NK	NK	NK	T.CD8	UNLABELED	NK	NK	NK	UNLABELED
cy121.1_CD45pos_S315	NK	NK	NK	NK	NK	NK	NK	NK	NK	NK	NK	NK	NK	NK	T.CD8	UNLABELED	UNLABELED	NK	NK	UNLABELED
cy60_1_cd_45_pos_3_B01_S301_comb	NK	NK	NK	NK	NK	NK	NK	NK	NK	NK	NK	NK	NK	NK	NK	UNLABELED	NK	NK	NK	UNLABELED
cy80_Cd45_pos_Pd1_neg_S228_B12_S228_comb	NK	NK	UNLABELED	NK	TCELL	UNLABELED	NK	NK	NK	NK	TCELL	NK	NK	NK	BCELL	UNLABELED	UNLABELED	NK	NK	UNLABELED
cy121.1_CD45pos_S207	NK	NK	NK	NK	T.CD4	UNLABELED	NK	TCELL	NK	NK	T.CD4	NK	NK	NK	T.CD8	UNLABELED	UNLABELED	NK	NK	UNLABELED
cy129PB_CD45pos_S232	NK	NK	UNLABELED	NK	NK	UNLABELED	NK	NK	NK	NK	NK	NK	NK	NK	NK	UNLABELED	UNLABELED	NK	NK	UNLABELED
CY89A_CD45_POS_6_F01_S157_comb	NK	NK	UNLABELED	NK	TCELL	UNLABELED	NK	NK	TCELL	NK	NK	NK	NK	NK	NK	UNLABELED	UNLABELED	NK	NK	UNLABELED
CY75_1_CD45_CD8_3__S185_comb_BCD8	NK	NK	UNLABELED	T.CD8	T.CD8	UNLABELED	NK	TCELL	T.CD8	T.CD8	T.CD4	UNLABELED	T.CD8	NK	T.CD8	UNLABELED	UNLABELED	T.CD8	NK	UNLABELED
cy04.3_CD45pos_S95	NK	NK	NK	NK	NK	NK	NK	NK	NK	NK	T.CD4	NK	NK	NK	T.CD8	UNLABELED	UNLABELED	NK	NK	UNLABELED
cy75_1CORE_CD45pos_S1	NK	NK	NK	NK	NK	NK	NK	NK	NK	NK	NK	NK	NK	NK	T.CD8	UNLABELED	UNLABELED	NK	NK	UNLABELED
